-- phpMyAdmin SQL Dump
-- version 3.3.10deb1
-- http://www.phpmyadmin.net
--
-- Servidor: localhost
-- Tempo de Geração: Mai 30, 2012 as 04:36 PM
-- Versão do Servidor: 5.1.62
-- Versão do PHP: 5.3.5-1ubuntu7.8

SET SQL_MODE="NO_AUTO_VALUE_ON_ZERO";

--
-- Banco de Dados: `leviatan`
--

-- --------------------------------------------------------

--
-- Estrutura da tabela `acos`
--

CREATE TABLE IF NOT EXISTS `acos` (
  `id` int(10) NOT NULL AUTO_INCREMENT,
  `parent_id` int(10) DEFAULT NULL,
  `model` varchar(255) DEFAULT NULL,
  `foreign_key` int(10) DEFAULT NULL,
  `alias` varchar(255) DEFAULT NULL,
  `lft` int(10) DEFAULT NULL,
  `rght` int(10) DEFAULT NULL,
  PRIMARY KEY (`id`)
) ENGINE=InnoDB  DEFAULT CHARSET=utf8 AUTO_INCREMENT=102 ;

--
-- Extraindo dados da tabela `acos`
--

INSERT INTO `acos` (`id`, `parent_id`, `model`, `foreign_key`, `alias`, `lft`, `rght`) VALUES
(1, NULL, NULL, NULL, 'controllers', 1, 202),
(2, 1, NULL, NULL, 'ExpenseGroups', 2, 13),
(3, 2, NULL, NULL, 'index', 3, 4),
(4, 2, NULL, NULL, 'view', 5, 6),
(5, 2, NULL, NULL, 'add', 7, 8),
(6, 2, NULL, NULL, 'edit', 9, 10),
(7, 2, NULL, NULL, 'delete', 11, 12),
(8, 1, NULL, NULL, 'FunctionalUnits', 14, 25),
(9, 8, NULL, NULL, 'index', 15, 16),
(10, 8, NULL, NULL, 'view', 17, 18),
(11, 8, NULL, NULL, 'add', 19, 20),
(12, 8, NULL, NULL, 'edit', 21, 22),
(13, 8, NULL, NULL, 'delete', 23, 24),
(14, 1, NULL, NULL, 'GroupTypes', 26, 37),
(15, 14, NULL, NULL, 'index', 27, 28),
(16, 14, NULL, NULL, 'view', 29, 30),
(17, 14, NULL, NULL, 'add', 31, 32),
(18, 14, NULL, NULL, 'edit', 33, 34),
(19, 14, NULL, NULL, 'delete', 35, 36),
(20, 1, NULL, NULL, 'Groups', 38, 49),
(21, 20, NULL, NULL, 'index', 39, 40),
(22, 20, NULL, NULL, 'view', 41, 42),
(23, 20, NULL, NULL, 'add', 43, 44),
(24, 20, NULL, NULL, 'edit', 45, 46),
(25, 20, NULL, NULL, 'delete', 47, 48),
(26, 1, NULL, NULL, 'InputCategories', 50, 61),
(27, 26, NULL, NULL, 'index', 51, 52),
(28, 26, NULL, NULL, 'view', 53, 54),
(29, 26, NULL, NULL, 'add', 55, 56),
(30, 26, NULL, NULL, 'edit', 57, 58),
(31, 26, NULL, NULL, 'delete', 59, 60),
(32, 1, NULL, NULL, 'InputSubcategories', 62, 73),
(33, 32, NULL, NULL, 'index', 63, 64),
(34, 32, NULL, NULL, 'view', 65, 66),
(35, 32, NULL, NULL, 'add', 67, 68),
(36, 32, NULL, NULL, 'edit', 69, 70),
(37, 32, NULL, NULL, 'delete', 71, 72),
(38, 1, NULL, NULL, 'ItemClasses', 74, 85),
(39, 38, NULL, NULL, 'index', 75, 76),
(40, 38, NULL, NULL, 'view', 77, 78),
(41, 38, NULL, NULL, 'add', 79, 80),
(42, 38, NULL, NULL, 'edit', 81, 82),
(43, 38, NULL, NULL, 'delete', 83, 84),
(44, 1, NULL, NULL, 'ItemGroups', 86, 97),
(45, 44, NULL, NULL, 'index', 87, 88),
(46, 44, NULL, NULL, 'view', 89, 90),
(47, 44, NULL, NULL, 'add', 91, 92),
(48, 44, NULL, NULL, 'edit', 93, 94),
(49, 44, NULL, NULL, 'delete', 95, 96),
(50, 1, NULL, NULL, 'Items', 98, 109),
(51, 50, NULL, NULL, 'index', 99, 100),
(52, 50, NULL, NULL, 'view', 101, 102),
(53, 50, NULL, NULL, 'add', 103, 104),
(54, 50, NULL, NULL, 'edit', 105, 106),
(55, 50, NULL, NULL, 'delete', 107, 108),
(56, 1, NULL, NULL, 'MeasureTypes', 110, 121),
(57, 56, NULL, NULL, 'index', 111, 112),
(58, 56, NULL, NULL, 'view', 113, 114),
(59, 56, NULL, NULL, 'add', 115, 116),
(60, 56, NULL, NULL, 'edit', 117, 118),
(61, 56, NULL, NULL, 'delete', 119, 120),
(62, 1, NULL, NULL, 'Pages', 122, 125),
(63, 62, NULL, NULL, 'display', 123, 124),
(64, 1, NULL, NULL, 'PngcCodes', 126, 137),
(65, 64, NULL, NULL, 'index', 127, 128),
(66, 64, NULL, NULL, 'view', 129, 130),
(67, 64, NULL, NULL, 'add', 131, 132),
(68, 64, NULL, NULL, 'edit', 133, 134),
(69, 64, NULL, NULL, 'delete', 135, 136),
(70, 1, NULL, NULL, 'Users', 138, 153),
(71, 70, NULL, NULL, 'index', 139, 140),
(72, 70, NULL, NULL, 'view', 141, 142),
(73, 70, NULL, NULL, 'add', 143, 144),
(74, 70, NULL, NULL, 'edit', 145, 146),
(75, 70, NULL, NULL, 'delete', 147, 148),
(76, 70, NULL, NULL, 'login', 149, 150),
(77, 70, NULL, NULL, 'logout', 151, 152),
(78, 1, NULL, NULL, 'AclExtras', 154, 155),
(79, 1, NULL, NULL, 'Acl', 156, 201),
(80, 79, NULL, NULL, 'Acos', 157, 164),
(81, 80, NULL, NULL, 'admin_index', 158, 159),
(82, 80, NULL, NULL, 'admin_empty_acos', 160, 161),
(83, 80, NULL, NULL, 'admin_build_acl', 162, 163),
(84, 79, NULL, NULL, 'Aros', 165, 200),
(85, 84, NULL, NULL, 'admin_index', 166, 167),
(86, 84, NULL, NULL, 'admin_check', 168, 169),
(87, 84, NULL, NULL, 'admin_users', 170, 171),
(88, 84, NULL, NULL, 'admin_update_user_role', 172, 173),
(89, 84, NULL, NULL, 'admin_ajax_role_permissions', 174, 175),
(90, 84, NULL, NULL, 'admin_role_permissions', 176, 177),
(91, 84, NULL, NULL, 'admin_user_permissions', 178, 179),
(92, 84, NULL, NULL, 'admin_empty_permissions', 180, 181),
(93, 84, NULL, NULL, 'admin_clear_user_specific_permissions', 182, 183),
(94, 84, NULL, NULL, 'admin_grant_all_controllers', 184, 185),
(95, 84, NULL, NULL, 'admin_deny_all_controllers', 186, 187),
(96, 84, NULL, NULL, 'admin_get_role_controller_permission', 188, 189),
(97, 84, NULL, NULL, 'admin_grant_role_permission', 190, 191),
(98, 84, NULL, NULL, 'admin_deny_role_permission', 192, 193),
(99, 84, NULL, NULL, 'admin_get_user_controller_permission', 194, 195),
(100, 84, NULL, NULL, 'admin_grant_user_permission', 196, 197),
(101, 84, NULL, NULL, 'admin_deny_user_permission', 198, 199);

-- --------------------------------------------------------

--
-- Estrutura da tabela `aros`
--

CREATE TABLE IF NOT EXISTS `aros` (
  `id` int(10) NOT NULL AUTO_INCREMENT,
  `parent_id` int(10) DEFAULT NULL,
  `model` varchar(255) DEFAULT NULL,
  `foreign_key` int(10) DEFAULT NULL,
  `alias` varchar(255) DEFAULT NULL,
  `lft` int(10) DEFAULT NULL,
  `rght` int(10) DEFAULT NULL,
  PRIMARY KEY (`id`)
) ENGINE=InnoDB  DEFAULT CHARSET=utf8 AUTO_INCREMENT=10 ;

--
-- Extraindo dados da tabela `aros`
--

INSERT INTO `aros` (`id`, `parent_id`, `model`, `foreign_key`, `alias`, `lft`, `rght`) VALUES
(1, NULL, 'Group', 1, NULL, 1, 4),
(2, NULL, 'Group', 2, NULL, 5, 8),
(3, NULL, 'Group', 3, NULL, 9, 12),
(4, 1, 'User', 1, NULL, 2, 3),
(5, 2, 'User', 2, NULL, 6, 7),
(6, 3, 'User', 3, NULL, 10, 11);

-- --------------------------------------------------------

--
-- Estrutura da tabela `aros_acos`
--

CREATE TABLE IF NOT EXISTS `aros_acos` (
  `id` int(10) NOT NULL AUTO_INCREMENT,
  `aro_id` int(10) NOT NULL,
  `aco_id` int(10) NOT NULL,
  `_create` varchar(2) NOT NULL DEFAULT '0',
  `_read` varchar(2) NOT NULL DEFAULT '0',
  `_update` varchar(2) NOT NULL DEFAULT '0',
  `_delete` varchar(2) NOT NULL DEFAULT '0',
  PRIMARY KEY (`id`),
  UNIQUE KEY `ARO_ACO_KEY` (`aro_id`,`aco_id`)
) ENGINE=InnoDB  DEFAULT CHARSET=utf8 AUTO_INCREMENT=40 ;

--
-- Extraindo dados da tabela `aros_acos`
--

INSERT INTO `aros_acos` (`id`, `aro_id`, `aco_id`, `_create`, `_read`, `_update`, `_delete`) VALUES
(7, 1, 1, '1', '1', '1', '1'),
(8, 2, 3, '1', '1', '1', '1'),
(9, 2, 4, '1', '1', '1', '1'),
(10, 2, 1, '1', '1', '1', '1'),
(11, 3, 3, '1', '1', '1', '1'),
(12, 3, 4, '1', '1', '1', '1'),
(13, 3, 9, '1', '1', '1', '1'),
(14, 3, 10, '1', '1', '1', '1'),
(15, 3, 15, '1', '1', '1', '1'),
(16, 3, 16, '1', '1', '1', '1'),
(17, 3, 27, '1', '1', '1', '1'),
(18, 3, 28, '1', '1', '1', '1'),
(19, 3, 33, '1', '1', '1', '1'),
(20, 3, 34, '1', '1', '1', '1'),
(21, 3, 39, '1', '1', '1', '1'),
(22, 3, 40, '1', '1', '1', '1'),
(23, 3, 46, '1', '1', '1', '1'),
(24, 3, 53, '-1', '-1', '-1', '-1'),
(25, 3, 45, '1', '1', '1', '1'),
(26, 3, 51, '1', '1', '1', '1'),
(27, 3, 52, '1', '1', '1', '1'),
(28, 3, 57, '1', '1', '1', '1'),
(29, 3, 58, '1', '1', '1', '1'),
(30, 3, 65, '1', '1', '1', '1'),
(31, 3, 66, '1', '1', '1', '1'),
(32, 3, 76, '1', '1', '1', '1'),
(33, 3, 77, '1', '1', '1', '1'),
(34, 3, 5, '-1', '-1', '-1', '-1');

-- --------------------------------------------------------

--
-- Estrutura da tabela `expense_groups`
--

CREATE TABLE IF NOT EXISTS `expense_groups` (
  `id` int(11) NOT NULL AUTO_INCREMENT,
  `name` varchar(255) NOT NULL,
  `description` varchar(255) NOT NULL,
  `created` datetime DEFAULT NULL,
  `modified` datetime DEFAULT NULL,
  PRIMARY KEY (`id`),
  KEY `name` (`name`)
) ENGINE=InnoDB  DEFAULT CHARSET=utf8 AUTO_INCREMENT=6 ;

--
-- Extraindo dados da tabela `expense_groups`
--

INSERT INTO `expense_groups` (`id`, `name`, `description`, `created`, `modified`) VALUES
(1, 'Pessoal', 'Custos com pessoal e funcionários (Médicos, Enfermeiros, Técnicos, Quadro de Apoio, Comissionados, Prestadores de Serviço, etc...)', NULL, NULL),
(2, 'Serviços de Terceiros', 'Custos com serviços de terceiros e  empresas fornecedoras', NULL, NULL),
(3, ' Materiais de Consumo', 'Custos com material de consumo direto e indireto', NULL, NULL),
(4, 'Despesas Gerais', 'Custos com despesas gerais (Água, Energia, Telefone, Combustível e outros)', NULL, NULL),
(5, 'Depreciação ', 'Depreciação de equipamentos, instalações físicas e materiais patrimoniais.', NULL, NULL);

-- --------------------------------------------------------

--
-- Estrutura da tabela `functional_units`
--

CREATE TABLE IF NOT EXISTS `functional_units` (
  `id` int(11) NOT NULL AUTO_INCREMENT,
  `name` varchar(255) NOT NULL,
  `description` varchar(255) NOT NULL,
  `created` datetime DEFAULT NULL,
  `modified` datetime DEFAULT NULL,
  PRIMARY KEY (`id`)
) ENGINE=InnoDB  DEFAULT CHARSET=utf8 AUTO_INCREMENT=11 ;

--
-- Extraindo dados da tabela `functional_units`
--

INSERT INTO `functional_units` (`id`, `name`, `description`, `created`, `modified`) VALUES
(1, 'Farmácia', 'Recebimento e distribuição de medicamentos e materiais médico-hospitalares', NULL, NULL),
(2, 'Nutrição', 'Recebimento e distribuição de gêneros alimentícios, dietas e refeições', NULL, NULL),
(3, 'Almoxarifado', 'Recebimento e distribuição de material de expediente, limpeza e higienização, informática entre outros.', NULL, NULL),
(4, 'Hotelaria/Economato', 'Recebimento e distribuição de material de higienização e limpeza, fardamentos e uniformes, coordenação da lavanderia e toda a hotelaria hospitalar', NULL, NULL),
(5, 'Laboratório', 'Recebimento e distribuição de insumos para realização de exames laboratoriais', NULL, NULL),
(6, 'Manutenção', 'Realização de manutenção preventiva, estrutural e crítica dos equipamentos e da estrutura física hospitalar', NULL, NULL),
(7, 'Patrimônio', 'Recebimento e manutenção do material e equipamento patrimonial da estrutura hospitalar', NULL, NULL),
(8, 'Recursos Humanos', 'Responsável pelo pessoal e funcionários da instituição', NULL, NULL),
(9, 'ADMIN-Secretaria', 'Setor administrativo da instituição corelacional à Secretaria de Saúde', NULL, NULL),
(10, 'Setores Hospitalares', 'Todos os setores assistenciais e produtivos da instituição', NULL, NULL);

-- --------------------------------------------------------

--
-- Estrutura da tabela `groups`
--

CREATE TABLE IF NOT EXISTS `groups` (
  `id` int(11) NOT NULL AUTO_INCREMENT,
  `name` varchar(100) NOT NULL,
  `created` datetime DEFAULT NULL,
  `modified` datetime DEFAULT NULL,
  PRIMARY KEY (`id`)
) ENGINE=InnoDB  DEFAULT CHARSET=utf8 AUTO_INCREMENT=6 ;

--
-- Extraindo dados da tabela `groups`
--

INSERT INTO `groups` (`id`, `name`, `created`, `modified`) VALUES
(1, 'administrators', '2012-05-29 21:56:00', '2012-05-29 21:56:00'),
(2, 'managers', '2012-05-29 21:56:06', '2012-05-29 21:56:06'),
(3, 'users', '2012-05-29 21:56:12', '2012-05-29 21:56:12');

-- --------------------------------------------------------

--
-- Estrutura da tabela `group_types`
--

CREATE TABLE IF NOT EXISTS `group_types` (
  `id` int(11) NOT NULL AUTO_INCREMENT,
  `name` varchar(255) NOT NULL,
  `created` datetime DEFAULT NULL,
  `modified` datetime DEFAULT NULL,
  PRIMARY KEY (`id`)
) ENGINE=InnoDB  DEFAULT CHARSET=utf8 AUTO_INCREMENT=3 ;

--
-- Extraindo dados da tabela `group_types`
--

INSERT INTO `group_types` (`id`, `name`, `created`, `modified`) VALUES
(1, 'Serviço', NULL, NULL),
(2, 'Material', NULL, NULL);

-- --------------------------------------------------------

--
-- Estrutura da tabela `input_categories`
--

CREATE TABLE IF NOT EXISTS `input_categories` (
  `id` int(11) NOT NULL AUTO_INCREMENT,
  `name` varchar(255) NOT NULL,
  `description` varchar(255) NOT NULL,
  `created` datetime NOT NULL,
  `modified` datetime NOT NULL,
  PRIMARY KEY (`id`)
) ENGINE=InnoDB  DEFAULT CHARSET=utf8 AUTO_INCREMENT=17 ;

--
-- Extraindo dados da tabela `input_categories`
--

INSERT INTO `input_categories` (`id`, `name`, `description`, `created`, `modified`) VALUES
(1, 'Medicamentos', 'Medicamentos em geral da Rede pública de distribuição', '0000-00-00 00:00:00', '0000-00-00 00:00:00'),
(2, 'Material Méd/Hosp', 'Materiais de uso médico hospitalar', '0000-00-00 00:00:00', '0000-00-00 00:00:00'),
(3, 'Material Odontológico', 'Mateiais de uso Odontológico', '0000-00-00 00:00:00', '0000-00-00 00:00:00'),
(4, 'Material Laboratório', 'Materiais de uso Laboratorial (insumos)', '0000-00-00 00:00:00', '0000-00-00 00:00:00'),
(5, 'Orteses e Próteses', 'Próteses cirurgicas e orteses traumatológicas', '0000-00-00 00:00:00', '0000-00-00 00:00:00'),
(6, 'Generos Alimentícios', 'Generos de alimentação em geral', '0000-00-00 00:00:00', '0000-00-00 00:00:00'),
(7, 'Generos Dietéticos', 'Gêneros de alimentação dietética especial (enteral/parenteral)', '0000-00-00 00:00:00', '0000-00-00 00:00:00'),
(8, 'Higiene e Limpeza', 'Insumos e utensílios para higienização e limpeza em geral', '0000-00-00 00:00:00', '0000-00-00 00:00:00'),
(9, 'Expediente', 'Insumos e utensílios para expediente de escritórios', '0000-00-00 00:00:00', '0000-00-00 00:00:00'),
(10, 'Informática', 'Insumos e utensílios para informática (Suprimentos)', '0000-00-00 00:00:00', '0000-00-00 00:00:00'),
(11, 'Mat. Manutenção', 'Material para manutenção e reparos', '0000-00-00 00:00:00', '0000-00-00 00:00:00'),
(12, 'Mat. Costura', 'Material para costura e aviamentos em geral', '0000-00-00 00:00:00', '0000-00-00 00:00:00'),
(13, 'Hig/Limp Lavanderia', 'Insumos e utensílios para uso em lavanderias', '0000-00-00 00:00:00', '0000-00-00 00:00:00'),
(14, 'Equipamentos', 'Equipamentos médico hospitalares e mobiliários em geral', '0000-00-00 00:00:00', '0000-00-00 00:00:00'),
(15, 'Mat. Diversos ALMOX', 'Materiais de usos diversificados do almoxarifado', '0000-00-00 00:00:00', '0000-00-00 00:00:00'),
(16, 'Expediente/Descartáveis', 'Insumos e utensílios para expedientes de escritórios', '0000-00-00 00:00:00', '0000-00-00 00:00:00');

-- --------------------------------------------------------

--
-- Estrutura da tabela `input_subcategories`
--

CREATE TABLE IF NOT EXISTS `input_subcategories` (
  `id` int(11) NOT NULL AUTO_INCREMENT,
  `input_category_id` int(11) NOT NULL,
  `name` varchar(255) NOT NULL,
  `description` varchar(255) NOT NULL,
  `created` datetime NOT NULL,
  `modified` datetime NOT NULL,
  PRIMARY KEY (`id`),
  KEY `input_category_id` (`input_category_id`)
) ENGINE=InnoDB DEFAULT CHARSET=utf8 AUTO_INCREMENT=1 ;

--
-- Extraindo dados da tabela `input_subcategories`
--


-- --------------------------------------------------------

--
-- Estrutura da tabela `items`
--

CREATE TABLE IF NOT EXISTS `items` (
  `id` int(11) NOT NULL AUTO_INCREMENT,
  `item_class_id` int(11) NOT NULL,
  `pngc_code_id` int(11) NOT NULL,
  `name` varchar(255) NOT NULL,
  `description` varchar(255) NOT NULL,
  `created` datetime NOT NULL,
  `modified` datetime NOT NULL,
  PRIMARY KEY (`id`)
) ENGINE=InnoDB DEFAULT CHARSET=utf8 AUTO_INCREMENT=1 ;

--
-- Extraindo dados da tabela `items`
--


-- --------------------------------------------------------

--
-- Estrutura da tabela `item_classes`
--

CREATE TABLE IF NOT EXISTS `item_classes` (
  `id` int(11) NOT NULL AUTO_INCREMENT,
  `item_group_id` int(11) NOT NULL,
  `keycode` int(11) NOT NULL,
  `name` varchar(255) NOT NULL,
  `created` datetime NOT NULL,
  `modified` datetime NOT NULL,
  PRIMARY KEY (`id`),
  KEY `item_group_id` (`item_group_id`)
) ENGINE=InnoDB  DEFAULT CHARSET=utf8 AUTO_INCREMENT=569 ;

--
-- Extraindo dados da tabela `item_classes`
--

INSERT INTO `item_classes` (`id`, `item_group_id`, `keycode`, `name`, `created`, `modified`) VALUES
(1, 10, 1010, 'ARMAS CONVENCIONAIS', '0000-00-00 00:00:00', '0000-00-00 00:00:00'),
(2, 10, 1011, 'ACESSÓRIOS PARA ARMAMENTOS', '0000-00-00 00:00:00', '0000-00-00 00:00:00'),
(3, 10, 1020, 'EQUIPAMENTOS PARA CONTROLE DE DISTÚRBIOS CIVIS', '0000-00-00 00:00:00', '0000-00-00 00:00:00'),
(4, 10, 1025, 'MATERIAIS PARA MANUTENÇÃO DE ARMAMENTOS', '0000-00-00 00:00:00', '0000-00-00 00:00:00'),
(5, 10, 1030, 'EQUIPAMENTOS E MATERIAIS PARA RECARGA DE MUNIÇÃO', '0000-00-00 00:00:00', '0000-00-00 00:00:00'),
(6, 10, 1090, 'PEÇAS DE REPOSIÇÃO PARA ARMAMENTOS', '0000-00-00 00:00:00', '0000-00-00 00:00:00'),
(7, 11, 1310, 'MUNIÇÕES', '0000-00-00 00:00:00', '0000-00-00 00:00:00'),
(8, 11, 1320, 'ARTIGOS PIROTÉCNICOS', '0000-00-00 00:00:00', '0000-00-00 00:00:00'),
(9, 11, 1330, 'EXPLOSIVOS E DISPOSITIVOS DE EXPLOSÃO', '0000-00-00 00:00:00', '0000-00-00 00:00:00'),
(10, 12, 1501, 'AERONAVES DE ASA FIXA', '0000-00-00 00:00:00', '0000-00-00 00:00:00'),
(11, 12, 1502, 'AERONAVES DE ASA ROTATIVA', '0000-00-00 00:00:00', '0000-00-00 00:00:00'),
(12, 12, 1510, 'COMPONENTES DE SUSPENSÃO DE AERONAVES', '0000-00-00 00:00:00', '0000-00-00 00:00:00'),
(13, 12, 1520, 'MOTORES E TURBINAS PARA AERONAVES', '0000-00-00 00:00:00', '0000-00-00 00:00:00'),
(14, 12, 1530, 'COMPONENTES DE MOTORES E TURBINAS PARA AERONAVES', '0000-00-00 00:00:00', '0000-00-00 00:00:00'),
(15, 12, 1540, 'FERRAMENTAS E EQUIPAMENTOS DE MANUTENÇÃO PARA AERONAVES', '0000-00-00 00:00:00', '0000-00-00 00:00:00'),
(16, 12, 1590, 'PEÇAS E ACESSÓRIOS PARA AERONAVES', '0000-00-00 00:00:00', '0000-00-00 00:00:00'),
(17, 13, 1911, 'EMBARCAÇÕES', '0000-00-00 00:00:00', '0000-00-00 00:00:00'),
(18, 13, 1920, 'MOTORES NÁUTICOS', '0000-00-00 00:00:00', '0000-00-00 00:00:00'),
(19, 13, 1940, 'PONTÕES E DIQUES FLUTUANTES', '0000-00-00 00:00:00', '0000-00-00 00:00:00'),
(20, 13, 1950, 'COMPONENTES DE PROPULSÃO PARA EMBARCAÇÕES', '0000-00-00 00:00:00', '0000-00-00 00:00:00'),
(21, 13, 1960, 'MOBILIÁRIOS DE EMBARCAÇÕES', '0000-00-00 00:00:00', '0000-00-00 00:00:00'),
(22, 13, 1970, 'PEÇAS E MATERIAIS PARA REPAROS EM EMBARCAÇÕES', '0000-00-00 00:00:00', '0000-00-00 00:00:00'),
(23, 13, 1980, 'COMPONENTES, EQUIPAMENTOS E ACESSÓRIOS PARA EMBARCAÇÕES', '0000-00-00 00:00:00', '0000-00-00 00:00:00'),
(24, 13, 1990, 'PEÇAS E ACESSÓRIOS PARA MOTORES DE EMBARCAÇÕES', '0000-00-00 00:00:00', '0000-00-00 00:00:00'),
(25, 14, 2010, 'IMÓVEIS PARA USO DA ADMINISTRAÇÃO ESTADUAL', '0000-00-00 00:00:00', '0000-00-00 00:00:00'),
(26, 14, 2020, 'IMÓVEIS PARA OBRAS PÚBLICAS DE USO COMUM DO POVO', '0000-00-00 00:00:00', '0000-00-00 00:00:00'),
(27, 15, 2210, 'LOCOMOTIVAS E VAGÕES', '0000-00-00 00:00:00', '0000-00-00 00:00:00'),
(28, 15, 2220, 'MATERIAIS PARA VIAS PERMANENTES', '0000-00-00 00:00:00', '0000-00-00 00:00:00'),
(29, 15, 2225, 'EQUIPAMENTOS PARA VIAS PERMANENTES', '0000-00-00 00:00:00', '0000-00-00 00:00:00'),
(30, 15, 2230, 'COMPONENTES DURAVEIS DE PROPULSÃO E FRENAGEM DE VEÍCULOS FERROVIÁRIOS', '0000-00-00 00:00:00', '0000-00-00 00:00:00'),
(31, 15, 2235, 'COMPONENTES DE PROPULSÃO E FRENAGEM DE VEÍCULOS FERROVIÁRIOS', '0000-00-00 00:00:00', '0000-00-00 00:00:00'),
(32, 15, 2240, 'MOBILIÁRIOS PARA VEÍCULOS FERROVIÁRIOS', '0000-00-00 00:00:00', '0000-00-00 00:00:00'),
(33, 15, 2250, 'EQUIPAMENTOS PARA MANUTENÇÃO DE INSTALAÇÕES DE VEÍCULOS FERROVIÁRIOS', '0000-00-00 00:00:00', '0000-00-00 00:00:00'),
(34, 15, 2260, 'MATERIAIS E PEÇAS DE REPOSIÇÃO PARA MANUTENÇÃO DE AUTOMOTRIZES', '0000-00-00 00:00:00', '0000-00-00 00:00:00'),
(35, 15, 2290, 'PEÇAS E MATERIAIS DE REPOSIÇÃO PARA EQUIPAMENTOS DE VIA PER-MANENTE,REDES AEREAS, VEÍCULOS FERROVIAR', '0000-00-00 00:00:00', '0000-00-00 00:00:00'),
(36, 16, 2310, 'VEÍCULOS MOTORIZADOS MISTO E DE PASSAGEIROS', '0000-00-00 00:00:00', '0000-00-00 00:00:00'),
(37, 16, 2320, 'VEÍCULOS MOTORIZADOS ESPECIAIS', '0000-00-00 00:00:00', '0000-00-00 00:00:00'),
(38, 16, 2330, 'REBOQUES', '0000-00-00 00:00:00', '0000-00-00 00:00:00'),
(39, 16, 2340, 'MOTOCICLETAS, MOTONETAS E BICICLETAS', '0000-00-00 00:00:00', '0000-00-00 00:00:00'),
(40, 16, 2350, 'VEÍCULOS MOTORIZADOS - CARGA/UTILITÁRIO/PASSAGEIRO', '0000-00-00 00:00:00', '0000-00-00 00:00:00'),
(41, 17, 2410, 'TRATORES SOBRE LAGARTAS / ESTEIRAS DE FERRO', '0000-00-00 00:00:00', '0000-00-00 00:00:00'),
(42, 17, 2420, 'TRATORES SOBRE RODAS', '0000-00-00 00:00:00', '0000-00-00 00:00:00'),
(43, 17, 2430, 'TRATORES SOBRE LAGARTAS/ESTEIRAS DE BORRACHA', '0000-00-00 00:00:00', '0000-00-00 00:00:00'),
(44, 17, 2490, 'MATERIAIS, PEÇAS E ACESSÓRIOS PARA REPOSIÇÃO OU MANUTENÇÃO DE TRATORES', '0000-00-00 00:00:00', '0000-00-00 00:00:00'),
(45, 18, 2610, 'PNEUS E CÂMARAS DE AR,EXCETO OS DE AERONAVES', '0000-00-00 00:00:00', '0000-00-00 00:00:00'),
(46, 18, 2620, 'PNEUS E CÂMARAS DE AR DE AERONAVES', '0000-00-00 00:00:00', '0000-00-00 00:00:00'),
(47, 18, 2630, 'PNEUS MACIÇOS E DE BAIXA PRESSÃO', '0000-00-00 00:00:00', '0000-00-00 00:00:00'),
(48, 18, 2640, 'MATERIAIS PARA REFORMA E REPARO DE PNEUS E CAMARAS DE AR', '0000-00-00 00:00:00', '0000-00-00 00:00:00'),
(49, 19, 2710, 'MOTORES AUTOMOTIVOS E SEUS AGREGADOS', '0000-00-00 00:00:00', '0000-00-00 00:00:00'),
(50, 19, 2712, 'MOTORES, CÂMBIOS E CARBURADORES PARA MOTOS', '0000-00-00 00:00:00', '0000-00-00 00:00:00'),
(51, 19, 2720, 'TANQUES COMBUSTÍVEL,SISTEMAS PARTIDA FRIO,TUBULAÇÕES ESCAPE E COMPRESSORES PARA AR-CONDICIONADO AUTO', '0000-00-00 00:00:00', '0000-00-00 00:00:00'),
(52, 19, 2722, 'SISTEMAS ELÉTRICOS PARA MOTOS', '0000-00-00 00:00:00', '0000-00-00 00:00:00'),
(53, 19, 2730, 'CAIXAS DE MUDANCA AUTOMOTIVA E SEUS AGREGADOS(TRANSMISSÃO)', '0000-00-00 00:00:00', '0000-00-00 00:00:00'),
(54, 19, 2732, 'GUIDÕES E COLUNAS DE DIREÇÃO PARA MOTOS', '0000-00-00 00:00:00', '0000-00-00 00:00:00'),
(55, 19, 2740, 'ORGÃOS DE RODAGEM AUTOMOTIVOS', '0000-00-00 00:00:00', '0000-00-00 00:00:00'),
(56, 19, 2742, 'RODAS E FREIOS PARA MOTOS', '0000-00-00 00:00:00', '0000-00-00 00:00:00'),
(57, 19, 2750, 'CHASSIS, ALAVANCAS, PEDAIS DE COMANDO AUTOMOTIVO E SEUS AGREGADOS', '0000-00-00 00:00:00', '0000-00-00 00:00:00'),
(58, 19, 2752, 'CARENAGENS E ASSENTOS PARA MOTOS', '0000-00-00 00:00:00', '0000-00-00 00:00:00'),
(59, 19, 2760, 'CARROCARIAS AUTOMOTIVAS E SEUS AGREGADOS', '0000-00-00 00:00:00', '0000-00-00 00:00:00'),
(60, 19, 2762, 'CHASSIS, SUSPENSÕES E PEDAIS PARA MOTOS', '0000-00-00 00:00:00', '0000-00-00 00:00:00'),
(61, 19, 2770, 'EQUIPAMENTOS ELÉTRICOS AUTOMOTIVOS E SEUS AGREGADOS', '0000-00-00 00:00:00', '0000-00-00 00:00:00'),
(62, 19, 2772, 'SISTEMAS DE ESCAPAMENTO PARA MOTOS', '0000-00-00 00:00:00', '0000-00-00 00:00:00'),
(63, 19, 2780, 'ACESSÓRIOS AUTOMOTIVOS', '0000-00-00 00:00:00', '0000-00-00 00:00:00'),
(64, 19, 2782, 'ACESSÓRIOS PARA MOTO', '0000-00-00 00:00:00', '0000-00-00 00:00:00'),
(65, 19, 2799, 'PEÇA E ACESSÓRIOS PROVISÓRIO', '0000-00-00 00:00:00', '0000-00-00 00:00:00'),
(66, 20, 3205, 'MÁQUINAS E EQUIPAMENTOS PARA MARCENARIAS, CARPINTARIAS E SERRARIAS', '0000-00-00 00:00:00', '0000-00-00 00:00:00'),
(67, 20, 3210, 'MÁQUINAS E EQUIPAMENTOS PARA SERRALHERIAS', '0000-00-00 00:00:00', '0000-00-00 00:00:00'),
(68, 20, 3215, 'MÁQUINAS E EQUIPAMENTOS PARA SOLDA E TRATAMENTO TERMICO DE METAIS', '0000-00-00 00:00:00', '0000-00-00 00:00:00'),
(69, 20, 3220, 'MÁQUINAS E EQUIPAMENTOS PARA OFICINA MECÂNICA E_BORRACHARIA', '0000-00-00 00:00:00', '0000-00-00 00:00:00'),
(70, 20, 3225, 'MÁQUINAS E EQUIPAMENTOS PARA OFICINAS ELETROMECÂNICAS', '0000-00-00 00:00:00', '0000-00-00 00:00:00'),
(71, 20, 3230, 'MÁQUINAS E EQUIPAMENTOS PARA OFICINAS ELETRICAS,ELETRO- ELETRÔNICAS E MECÂNICAS DE PRECISÃO', '0000-00-00 00:00:00', '0000-00-00 00:00:00'),
(72, 20, 3235, 'MÁQUINAS E EQUIPAMENTOS PARA OFICINAS DE COSTURA, TAPEÇARIA,E ESTOFAMENTO', '0000-00-00 00:00:00', '0000-00-00 00:00:00'),
(73, 20, 3290, 'MATERIAIS E PEÇAS DE REPOSIÇÃO E MANUTENÇÃO PARA MÁQUINAS E EQUIPAMENTOS DE OFICINAS', '0000-00-00 00:00:00', '0000-00-00 00:00:00'),
(74, 20, 3295, 'SUPRIMENTOS PARA MÁQUINAS E EQUIPAMENTOS DE OFICINAS', '0000-00-00 00:00:00', '0000-00-00 00:00:00'),
(75, 21, 3510, 'EQUIPAMENTOS DE LAVANDERIA E LAVAGEM A SECO', '0000-00-00 00:00:00', '0000-00-00 00:00:00'),
(76, 21, 3520, 'EQUIPAMENTOS PARA ACONDICIONAR E EMBALAR', '0000-00-00 00:00:00', '0000-00-00 00:00:00'),
(77, 21, 3530, 'EQUIPAMENTOS DE ABASTECIMENTO E LUBRIFICAÇÃO', '0000-00-00 00:00:00', '0000-00-00 00:00:00'),
(78, 21, 3540, 'MÁQUINAS E EQUIPAMENTOS PARA ENGENHARIA CIVIL', '0000-00-00 00:00:00', '0000-00-00 00:00:00'),
(79, 21, 3550, 'MÁQUINAS PARA SERVIÇOS GERAIS', '0000-00-00 00:00:00', '0000-00-00 00:00:00'),
(80, 21, 3590, 'MATERIAIS E PEÇAS DE REPOSIÇÃO E MANUTENÇÃO DE MÁQUINAS E EQUIPAMENTOS DE SERVIÇOS GERAIS', '0000-00-00 00:00:00', '0000-00-00 00:00:00'),
(81, 22, 3605, 'MÁQUINAS E EQUIPAMENTOS PARA PRODUÇÃO DE PRODUTOS DE HIGIENE PESSOAL', '0000-00-00 00:00:00', '0000-00-00 00:00:00'),
(82, 22, 3610, 'MÁQUINAS E EQUIPAMENTOS PARA TIPOGRAFIAS E GRÁFICAS', '0000-00-00 00:00:00', '0000-00-00 00:00:00'),
(83, 22, 3615, 'MÁQUINAS E EQUIPAMENTOS PARA USINA DE TRIAGEM E COMPOSTAGEM DE LIXO URBANO', '0000-00-00 00:00:00', '0000-00-00 00:00:00'),
(84, 22, 3620, 'MÁQUINAS E EQUIPAMENTOS PARA INDÚSTRIAS DE PANIFICAÇÃO', '0000-00-00 00:00:00', '0000-00-00 00:00:00'),
(85, 22, 3625, 'MÁQUINAS E EQUIPAMENTOS PARA INDÚSTRIA VINÍCOLA', '0000-00-00 00:00:00', '0000-00-00 00:00:00'),
(86, 22, 3630, 'MÁQUINAS E EQUIPAMENTOS PARA INDÚSTRIAS FARMACÊUTICAS', '0000-00-00 00:00:00', '0000-00-00 00:00:00'),
(87, 22, 3640, 'MÁQUINAS E EQUIPAMENTOS PARA INDÚSTRIAS DE LATICINIOS', '0000-00-00 00:00:00', '0000-00-00 00:00:00'),
(88, 22, 3650, 'MÁQUINAS E EQUIPTOS P/ INDÚSTRIA METALURGIA E MECÂNICA PESADA', '0000-00-00 00:00:00', '0000-00-00 00:00:00'),
(89, 22, 3660, 'MÁQUINAS E EQUIPAMENTOS PARA SERIGRAFIA', '0000-00-00 00:00:00', '0000-00-00 00:00:00'),
(90, 22, 3670, 'ACESSÓRIOS PARA MÁQUINAS E EQUIPAMENTOS DE SERIGRAFIA', '0000-00-00 00:00:00', '0000-00-00 00:00:00'),
(91, 22, 3675, 'MATERIAIS SERIGRÁFICOS', '0000-00-00 00:00:00', '0000-00-00 00:00:00'),
(92, 22, 3680, 'INSUMOS DE EQUIPAMENTOS SERIGRÁFICOS', '0000-00-00 00:00:00', '0000-00-00 00:00:00'),
(93, 22, 3690, 'PEÇAS DE REPOSIÇÃO E MANUTENÇÃO DE MÁQUINAS E_EQUIPAMENTOS PARA INDÚSTRIAS ESPECIALIZADAS', '0000-00-00 00:00:00', '0000-00-00 00:00:00'),
(94, 22, 3695, 'INSUMOS DE EQUIPAMENTOS GRÁFICOS', '0000-00-00 00:00:00', '0000-00-00 00:00:00'),
(95, 23, 3705, 'MÁQUINAS, EQUIPAMENTOS E INSUMOS PARA ANALISE DE LEITE', '0000-00-00 00:00:00', '0000-00-00 00:00:00'),
(96, 23, 3710, 'EQUIPAMENTOS PARA PREPARAÇÃO DO SOLO', '0000-00-00 00:00:00', '0000-00-00 00:00:00'),
(97, 23, 3715, 'EQUIPAMENTOS, MÁQUINAS E MOBILIÁRIO DE USO AGRICOLAS', '0000-00-00 00:00:00', '0000-00-00 00:00:00'),
(98, 23, 3720, 'EQUIPAMENTOS DE COLHEITA', '0000-00-00 00:00:00', '0000-00-00 00:00:00'),
(99, 23, 3725, 'PEÇAS AGRICOLAS', '0000-00-00 00:00:00', '0000-00-00 00:00:00'),
(100, 23, 3740, 'EQUIPAMENTOS PARA CONTROLE DE PRAGAS, DOENCAS, GEADAS E PROTEÇÃO INDIVIDUAL', '0000-00-00 00:00:00', '0000-00-00 00:00:00'),
(101, 23, 3750, 'IMPLEMENTOS E FERRAMENTAS DE JARDINAGEM', '0000-00-00 00:00:00', '0000-00-00 00:00:00'),
(102, 23, 3790, 'MATERIAIS, PEÇAS E ACESSÓRIOS PARA REPOSIÇÃO OU MANUTENÇÃO DE MÁQUINAS E EQUIPAMENTOS AGRICOLAS', '0000-00-00 00:00:00', '0000-00-00 00:00:00'),
(103, 24, 3810, 'EQUIPAMENTOS DE TERRAPLANAGEM', '0000-00-00 00:00:00', '0000-00-00 00:00:00'),
(104, 24, 3820, 'EQUIPAMENTOS DE PAVIMENTAÇÃO', '0000-00-00 00:00:00', '0000-00-00 00:00:00'),
(105, 24, 3830, 'EQUIPAMENTOS DE PERFURAÇÃO', '0000-00-00 00:00:00', '0000-00-00 00:00:00'),
(106, 24, 3840, 'IMPLEMENTOS DE EQUIPAMENTOS DE TERRAPLANAGEM, PAVIMENTAÇÃO E ESCAVAÇÃO', '0000-00-00 00:00:00', '0000-00-00 00:00:00'),
(107, 25, 3910, 'TRANSPORTADORES FIXOS MECÂNICOS', '0000-00-00 00:00:00', '0000-00-00 00:00:00'),
(108, 25, 3920, 'TRANSPORTADORES MANUAIS', '0000-00-00 00:00:00', '0000-00-00 00:00:00'),
(109, 25, 3930, 'TRANSPORTADORES AUTOPROPULSIONADOS', '0000-00-00 00:00:00', '0000-00-00 00:00:00'),
(110, 25, 3940, 'GUINCHOS, ICADORES E TALHAS', '0000-00-00 00:00:00', '0000-00-00 00:00:00'),
(111, 25, 3950, 'ELEVADORES E ESCADAS ROLANTES', '0000-00-00 00:00:00', '0000-00-00 00:00:00'),
(112, 25, 3960, 'TRANSPORTADORES PNEUMÁTICOS', '0000-00-00 00:00:00', '0000-00-00 00:00:00'),
(113, 25, 3990, 'MATERIAIS E PEÇAS DE REPOSIÇÃO E MANUTENÇÃO DE MÁQUINAS E EQUIPAMENTOS PARA MANUSEIO DE MATERIAIS', '0000-00-00 00:00:00', '0000-00-00 00:00:00'),
(114, 26, 4010, 'CABOS DE ACO', '0000-00-00 00:00:00', '0000-00-00 00:00:00'),
(115, 26, 4020, 'CORRENTES', '0000-00-00 00:00:00', '0000-00-00 00:00:00'),
(116, 26, 4030, 'CABOS DE FIBRA, BARBANTES E CORDÕES', '0000-00-00 00:00:00', '0000-00-00 00:00:00'),
(117, 26, 4090, 'ACESSÓRIOS PARA CABOS, CORDAS E CORRENTES', '0000-00-00 00:00:00', '0000-00-00 00:00:00'),
(118, 27, 4110, 'EQUIPAMENTOS DE REFRIGERAÇÃO', '0000-00-00 00:00:00', '0000-00-00 00:00:00'),
(119, 27, 4120, 'EQUIPAMENTOS DE CONDICIONAMENTO DE AR', '0000-00-00 00:00:00', '0000-00-00 00:00:00'),
(120, 27, 4130, 'EQUIPAMENTOS DE VENTILAÇÃO E CIRCULAÇÃO DE AR', '0000-00-00 00:00:00', '0000-00-00 00:00:00'),
(121, 27, 4190, 'MATERIAIS E PEÇAS DE REPOSIÇÃO PARA EQUIPAMENTOS DE REFRIGE-RAÇÃO, CONDICIONAMENTO E CIRCULAÇÃO DE A', '0000-00-00 00:00:00', '0000-00-00 00:00:00'),
(122, 28, 4210, 'EQUIPAMENTOS PARA COMBATE A INCENDIOS', '0000-00-00 00:00:00', '0000-00-00 00:00:00'),
(123, 28, 4220, 'EQUIPAMENTOS PARA MERGULHO E SALVAMENTO AQUATICO', '0000-00-00 00:00:00', '0000-00-00 00:00:00'),
(124, 28, 4230, 'EQUIPAMENTO PARA DESCONTAMINAÇÃO E IMPREGNAÇÃO', '0000-00-00 00:00:00', '0000-00-00 00:00:00'),
(125, 28, 4240, 'EQUIPAMENTOS PARA SEGURANCA E SALVAMENTO', '0000-00-00 00:00:00', '0000-00-00 00:00:00'),
(126, 28, 4250, 'INSTRUMENTOS E APARELHOS PARA DETECÇÃO DE PERIGOS', '0000-00-00 00:00:00', '0000-00-00 00:00:00'),
(127, 28, 4260, 'ACESSÓRIOS PARA BOMBAS DE INCENDIO UTILIZADAS NO CORPO DE BOMBEIROS', '0000-00-00 00:00:00', '0000-00-00 00:00:00'),
(128, 28, 4261, 'VALVULAS HIDRAULICAS PARA EQUIPAMENTOS DE BOMBEIROS', '0000-00-00 00:00:00', '0000-00-00 00:00:00'),
(129, 28, 4262, 'BOMBAS HIDRAULICAS PARA VIATURAS DE BOMBEIROS', '0000-00-00 00:00:00', '0000-00-00 00:00:00'),
(130, 28, 4263, 'TANQUES DE AGUA PARA VIATURAS DE BOMBEIROS', '0000-00-00 00:00:00', '0000-00-00 00:00:00'),
(131, 28, 4264, 'MANGUEIRAS HIDRAULICAS PARA USO DO CORPO DE BOMBEIROS', '0000-00-00 00:00:00', '0000-00-00 00:00:00'),
(132, 28, 4265, 'ACESSÓRIOS PARA GRUPOS GERADORES DE USO NO CORPO DE BOM- BEIROS', '0000-00-00 00:00:00', '0000-00-00 00:00:00'),
(133, 28, 4266, 'ACESSÓRIOS PARA GUINDAUTOS DE USO DO CORPO DE BOMBEIROS', '0000-00-00 00:00:00', '0000-00-00 00:00:00'),
(134, 28, 4267, 'PISTÕES PARA USO NOS EQUIPAMENTOS DO CORPO DE BOMBEIROS', '0000-00-00 00:00:00', '0000-00-00 00:00:00'),
(135, 28, 4268, 'ACESSÓRIOS P/AUTO PLATAFORMAS,AUTO BOMBAS ESCADA,AUTO-ESCA DAS:MECÂNICAS,HIDRAULICAS E ELETRONICAS P', '0000-00-00 00:00:00', '0000-00-00 00:00:00'),
(136, 28, 4269, 'DESENCARCERADORES HIDRÁULICOS PARA USO DO CORPO DE BOMBEIROS', '0000-00-00 00:00:00', '0000-00-00 00:00:00'),
(137, 28, 4290, 'MATERIAIS, ACESSÓRIOS E PEÇAS DE REPOSIÇÃO E MANUTENÇÃO PARA EQUIPAMENTOS DE MERGULHO E DE COMBATE A', '0000-00-00 00:00:00', '0000-00-00 00:00:00'),
(138, 29, 4310, 'COMPRESSORES', '0000-00-00 00:00:00', '0000-00-00 00:00:00'),
(139, 29, 4320, 'BOMBAS', '0000-00-00 00:00:00', '0000-00-00 00:00:00'),
(140, 29, 4330, 'CENTRIFUGADORES, SEPARADORES E FILTROS', '0000-00-00 00:00:00', '0000-00-00 00:00:00'),
(141, 29, 4390, 'MATERIAIS, PEÇAS DE REPOSIÇÃO E MANUTENÇÃO DE BOMBAS E COM- PRESSORES', '0000-00-00 00:00:00', '0000-00-00 00:00:00'),
(142, 30, 4410, 'FORNOS', '0000-00-00 00:00:00', '0000-00-00 00:00:00'),
(143, 30, 4420, 'CALDEIRAS E TANQUES', '0000-00-00 00:00:00', '0000-00-00 00:00:00'),
(144, 30, 4430, 'CENTRAIS DE VAPOR DE SECAGEM', '0000-00-00 00:00:00', '0000-00-00 00:00:00'),
(145, 30, 4440, 'REATORES NUCLEARES', '0000-00-00 00:00:00', '0000-00-00 00:00:00'),
(146, 30, 4445, 'PEÇAS E MATERIAIS DE REPOSIÇÃO OU MANUTENÇÃO DE REATORES NUCLEARES', '0000-00-00 00:00:00', '0000-00-00 00:00:00'),
(147, 30, 4485, 'PRODUTOS QUÍMICOS P/MANUTENÇÃO DE CALDEIRAS', '0000-00-00 00:00:00', '0000-00-00 00:00:00'),
(148, 30, 4490, 'PEÇAS E MATERIAIS DE REPOSIÇÃO OU MANUTENÇÃO DE FORNOS E CALDEIRAS', '0000-00-00 00:00:00', '0000-00-00 00:00:00'),
(149, 31, 4510, 'APARELHOS E ACESSÓRIOS PARA INSTALAÇÕES HIDRAULICAS', '0000-00-00 00:00:00', '0000-00-00 00:00:00'),
(150, 31, 4520, 'EQUIPAMENTOS PARA CALEFAÇÃO E AQUECEDORES DOMÉSTICOS DE AGUA', '0000-00-00 00:00:00', '0000-00-00 00:00:00'),
(151, 31, 4550, 'ACESSÓRIOS OU SUPRIMENTOS PARA INSTALAÇÕES HIDRAULICAS, SANITARIAS E DE CALEFAÇÃO', '0000-00-00 00:00:00', '0000-00-00 00:00:00'),
(152, 31, 4590, 'PEÇAS DE REPOSIÇÃO PARA APARELHOS E ACESSÓRIOS DE INSTALA- ÇÕES HIDRAULICAS', '0000-00-00 00:00:00', '0000-00-00 00:00:00'),
(153, 32, 4610, 'EQUIPAMENTOS PARA PURIFICAÇÃO DE AGUA', '0000-00-00 00:00:00', '0000-00-00 00:00:00'),
(154, 32, 4640, 'EQUIPAMENTOS PARA MEDIR OU VERIFICAR O NÍVEL DE ADUBAÇÃO', '0000-00-00 00:00:00', '0000-00-00 00:00:00'),
(155, 32, 4690, 'PEÇAS DE REPOSIÇÃO DE EQUIPAMENTOS PARA PURIFICAÇÃO E FILTRAGEM DE AGUA', '0000-00-00 00:00:00', '0000-00-00 00:00:00'),
(156, 32, 4695, 'SUPRIMENTOS E SUBSTANCIAS QUÍMICAS PARA PURIFICAÇÃO E DESTILAÇÃO DE AGUA', '0000-00-00 00:00:00', '0000-00-00 00:00:00'),
(157, 33, 4710, 'CANOS E TUBOS', '0000-00-00 00:00:00', '0000-00-00 00:00:00'),
(158, 33, 4720, 'MANGUEIRAS E TUBULAÇÕES FLEXÍVEIS', '0000-00-00 00:00:00', '0000-00-00 00:00:00'),
(159, 33, 4730, 'ACESSÓRIOS E FERRAGENS ESPECIAIS DE MANGUEIRAS, CANOS E TU- BOS', '0000-00-00 00:00:00', '0000-00-00 00:00:00'),
(160, 34, 4810, 'VALVULAS DE CONTROLE', '0000-00-00 00:00:00', '0000-00-00 00:00:00'),
(161, 34, 4890, 'PEÇAS DE REPOSIÇÃO PARA VALVULAS', '0000-00-00 00:00:00', '0000-00-00 00:00:00'),
(162, 35, 4910, 'EQUIPAMENTO DE CONTROLE E OBTENÇÃO DE DADOS PARA RECURSOS HIDRICOS', '0000-00-00 00:00:00', '0000-00-00 00:00:00'),
(163, 36, 5110, 'FERRAMENTAS MANUAIS DE CORTE, NÃO ACIONADAS POR FORCA MOTRIZ', '0000-00-00 00:00:00', '0000-00-00 00:00:00'),
(164, 36, 5120, 'FERRAMENTAS MANUAIS SEM CORTE, NÃO ACIONADAS POR FORCA MOTRIZ', '0000-00-00 00:00:00', '0000-00-00 00:00:00'),
(165, 36, 5125, 'FERRAMENTAS MANUAIS DE PRECISÃO, NÃO ACIONADAS POR FORCA MOTRIZ', '0000-00-00 00:00:00', '0000-00-00 00:00:00'),
(166, 36, 5130, 'FERRAMENTAS MANUAIS ACIONADAS POR FORCA MOTRIZ', '0000-00-00 00:00:00', '0000-00-00 00:00:00'),
(167, 36, 5140, 'ALICATES', '0000-00-00 00:00:00', '0000-00-00 00:00:00'),
(168, 36, 5150, 'JOGOS E CONJUNTOS DE FERRAMENTAS MANUAIS', '0000-00-00 00:00:00', '0000-00-00 00:00:00'),
(169, 36, 5160, 'CABOS DE FERRAMENTAS MANUAIS', '0000-00-00 00:00:00', '0000-00-00 00:00:00'),
(170, 36, 5170, 'ACONDICIONADORES DE FERRAMENTAS E FERRAGENS', '0000-00-00 00:00:00', '0000-00-00 00:00:00'),
(171, 36, 5190, 'PEÇAS E MATERIAIS DE REPOSIÇÃO OU MANUTENÇÃO DE FERRAMENTAS MANUAIS', '0000-00-00 00:00:00', '0000-00-00 00:00:00'),
(172, 37, 5305, 'PARAFUSOS SEM PORCAS', '0000-00-00 00:00:00', '0000-00-00 00:00:00'),
(173, 37, 5306, 'PARAFUSOS COM PORCAS', '0000-00-00 00:00:00', '0000-00-00 00:00:00'),
(174, 37, 5307, 'PR', '0000-00-00 00:00:00', '0000-00-00 00:00:00'),
(175, 37, 5310, 'PORCAS E ARRUELAS', '0000-00-00 00:00:00', '0000-00-00 00:00:00'),
(176, 37, 5315, 'PREGOS, CHAVETAS E PINOS', '0000-00-00 00:00:00', '0000-00-00 00:00:00'),
(177, 37, 5320, 'REBITES', '0000-00-00 00:00:00', '0000-00-00 00:00:00'),
(178, 37, 5325, 'DISPOSITIVOS PARA FIXAÇÃO', '0000-00-00 00:00:00', '0000-00-00 00:00:00'),
(179, 37, 5330, 'GAXETAS E MATERIAIS DE VEDAÇÃO', '0000-00-00 00:00:00', '0000-00-00 00:00:00'),
(180, 37, 5335, 'TELAS METALICAS', '0000-00-00 00:00:00', '0000-00-00 00:00:00'),
(181, 37, 5340, 'FERRAMENTAS DE USO ESPECIFICO DA CONSTRUÇÃO CIVIL', '0000-00-00 00:00:00', '0000-00-00 00:00:00'),
(182, 37, 5345, 'DISCOS E PEDRAS ABRASIVAS', '0000-00-00 00:00:00', '0000-00-00 00:00:00'),
(183, 37, 5350, 'MATERIAIS ABRASIVOS', '0000-00-00 00:00:00', '0000-00-00 00:00:00'),
(184, 37, 5355, 'BOTÕES E PONTEIROS', '0000-00-00 00:00:00', '0000-00-00 00:00:00'),
(185, 37, 5360, 'MOLAS DE ARAME, PLANAS E HELICOIDAIS', '0000-00-00 00:00:00', '0000-00-00 00:00:00'),
(186, 37, 5365, 'ANEIS, BUCHAS E ESPACADORES', '0000-00-00 00:00:00', '0000-00-00 00:00:00'),
(187, 38, 5410, 'EDIFICAÇÕES PRE-FABRICADAS E PORTATEIS', '0000-00-00 00:00:00', '0000-00-00 00:00:00'),
(188, 38, 5440, 'EQUIPAMENTOS PARA MONTAGEM DE ANDAIMES E FORMAS DE CONCRETO', '0000-00-00 00:00:00', '0000-00-00 00:00:00'),
(189, 39, 5510, 'TABUAS, GUARNIÇÕES, ARTIGOS CORRELATOS A BASE DE MADEIRA E BATENTES DE MADEIRA, FERRO E ALUMINIO', '0000-00-00 00:00:00', '0000-00-00 00:00:00'),
(190, 39, 5520, 'ESQUADRIAS DE MADEIRA, FERRO E ALUMINIO', '0000-00-00 00:00:00', '0000-00-00 00:00:00'),
(191, 39, 5530, 'COMPENSADOS E FOLHEADOS', '0000-00-00 00:00:00', '0000-00-00 00:00:00'),
(192, 40, 5610, 'MATERIAIS, A GRANEL, DE ORIGEM MINERAL PARA CONSTRUÇÃO', '0000-00-00 00:00:00', '0000-00-00 00:00:00'),
(193, 40, 5620, 'VIDROS, TIJOLOS E BLOCOS PARA CONSTRUÇÃO', '0000-00-00 00:00:00', '0000-00-00 00:00:00'),
(194, 40, 5630, 'TUBOS E CONDUTOS, NÃO METALICOS, PARA CONSTRUÇÃO', '0000-00-00 00:00:00', '0000-00-00 00:00:00'),
(195, 40, 5640, 'PAINEIS DE PAPELÃO, PAPÉIS EMPREGADOS EM CONSTRUÇÃO E MATE- RIAIS ISOLANTES TERMICOS', '0000-00-00 00:00:00', '0000-00-00 00:00:00'),
(196, 40, 5650, 'MATERIAIS PARA TELHADO E REVESTIMENTOS DE PAREDE', '0000-00-00 00:00:00', '0000-00-00 00:00:00'),
(197, 40, 5660, 'CERCADOS, GRADES E PORTÕES', '0000-00-00 00:00:00', '0000-00-00 00:00:00'),
(198, 40, 5670, 'COMPONENTES PRE-FABRICADOS PARA CONSTRUÇÃO', '0000-00-00 00:00:00', '0000-00-00 00:00:00'),
(199, 41, 5801, 'EQUIPAMENTOS DE TELEFONIA', '0000-00-00 00:00:00', '0000-00-00 00:00:00'),
(200, 41, 5802, 'EQUIPAMENTOS PARA RADIOCOMUNICAÇÃO', '0000-00-00 00:00:00', '0000-00-00 00:00:00'),
(201, 41, 5803, 'ANTENAS PARABOLICAS', '0000-00-00 00:00:00', '0000-00-00 00:00:00'),
(202, 41, 5890, 'PEÇAS, ACESSÓRIOS E MATERIAIS PARA EQUIPAMENTOS DE COMUNICA-ÇÃO, DETECÇÃO E RADIAÇÃO.', '0000-00-00 00:00:00', '0000-00-00 00:00:00'),
(203, 42, 5905, 'RESISTORES', '0000-00-00 00:00:00', '0000-00-00 00:00:00'),
(204, 42, 5910, 'CAPACITORES', '0000-00-00 00:00:00', '0000-00-00 00:00:00'),
(205, 42, 5912, 'BANCO DE CAPACITORES', '0000-00-00 00:00:00', '0000-00-00 00:00:00'),
(206, 42, 5915, 'FILTROS, E REDES', '0000-00-00 00:00:00', '0000-00-00 00:00:00'),
(207, 42, 5920, 'FUSÍVEIS INTERRUPTORES E PROTETORES', '0000-00-00 00:00:00', '0000-00-00 00:00:00'),
(208, 42, 5925, 'DISJUNTORES', '0000-00-00 00:00:00', '0000-00-00 00:00:00'),
(209, 42, 5930, 'CHAVES ELETRICAS E INTERRUPTORES', '0000-00-00 00:00:00', '0000-00-00 00:00:00'),
(210, 42, 5935, 'CONECTORES ELÉTRICOS', '0000-00-00 00:00:00', '0000-00-00 00:00:00'),
(211, 42, 5936, 'ACESSÓRIOS DE EQUIPAMENTOS ELÉTRICOS E ELETRONICOS', '0000-00-00 00:00:00', '0000-00-00 00:00:00'),
(212, 42, 5940, 'PLACAS, TERMINAIS E LAMINAS TERMINAIS', '0000-00-00 00:00:00', '0000-00-00 00:00:00'),
(213, 42, 5945, 'RELES E SELENOIDES', '0000-00-00 00:00:00', '0000-00-00 00:00:00'),
(214, 42, 5950, 'BOBINAS E TRANSFORMADORES', '0000-00-00 00:00:00', '0000-00-00 00:00:00'),
(215, 42, 5955, 'CRISTAIS OSCILADORES E PIEZOELÉTRICOS', '0000-00-00 00:00:00', '0000-00-00 00:00:00'),
(216, 42, 5959, 'PLACA DE IMAGEM', '0000-00-00 00:00:00', '0000-00-00 00:00:00'),
(217, 42, 5960, 'VALVULAS ELETRONICAS E FERRAGENS CORRELATAS', '0000-00-00 00:00:00', '0000-00-00 00:00:00'),
(218, 42, 5961, 'DISPOSITIVOS A SEMICONDUTOR E PLACAS ASSOCIADAS (CIRCUITOS)', '0000-00-00 00:00:00', '0000-00-00 00:00:00'),
(219, 42, 5962, 'MICROCIRCUITOS ELETRONICOS (INTEGRADOS)', '0000-00-00 00:00:00', '0000-00-00 00:00:00'),
(220, 42, 5963, 'MODULOS ELETRONICOS', '0000-00-00 00:00:00', '0000-00-00 00:00:00'),
(221, 42, 5964, 'DISPOSITIVOS AUTOMATIZADO OU ROBOTIZADOS', '0000-00-00 00:00:00', '0000-00-00 00:00:00'),
(222, 42, 5965, 'FONES, MICROFONES E ALTO-FALANTES', '0000-00-00 00:00:00', '0000-00-00 00:00:00'),
(223, 42, 5970, 'ISOLADORES ELÉTRICOS E MATERIAIS ISOLANTES', '0000-00-00 00:00:00', '0000-00-00 00:00:00'),
(224, 42, 5975, 'ESCOVAS DE CONTATO ELETRICO E ELETRODOS', '0000-00-00 00:00:00', '0000-00-00 00:00:00'),
(225, 42, 5980, 'DISPOSITIVOS OPTRONICOS E ITENS CORRELATOS', '0000-00-00 00:00:00', '0000-00-00 00:00:00'),
(226, 42, 5990, 'PEÇAS DE REPOSIÇÃO E MANUTENÇÃO PARA EQUIPAMENTOS ELÉTRICOS E ELETRONICOS', '0000-00-00 00:00:00', '0000-00-00 00:00:00'),
(227, 43, 6010, 'APARELHOS DE FIBRA OTICA', '0000-00-00 00:00:00', '0000-00-00 00:00:00'),
(228, 43, 6020, 'PEÇAS E ACESSÓRIOS PARA APARELHO DE FIBRA OTICA', '0000-00-00 00:00:00', '0000-00-00 00:00:00'),
(229, 44, 6105, 'MOTORES ELÉTRICOS E ESTACIONÁRIOS', '0000-00-00 00:00:00', '0000-00-00 00:00:00'),
(230, 44, 6110, 'EQUIPAMENTOS PARA CONTROLES ELÉTRICOS', '0000-00-00 00:00:00', '0000-00-00 00:00:00'),
(231, 44, 6115, 'GERADORES E CONJUNTOS GERADOS ELÉTRICOS', '0000-00-00 00:00:00', '0000-00-00 00:00:00'),
(232, 44, 6116, 'UNIDADES DE FORCA DE CELULA DE COMBUSTÍVEL, SEUS COMPONENTESE ACESSÓRIOS', '0000-00-00 00:00:00', '0000-00-00 00:00:00'),
(233, 44, 6117, 'SISTEMAS DE ENERGIA SOLAR', '0000-00-00 00:00:00', '0000-00-00 00:00:00'),
(234, 44, 6120, 'TRANSFORMADORES PARA ESTAÇÃO DE FORCA E DISTRIBUIÇÃO', '0000-00-00 00:00:00', '0000-00-00 00:00:00'),
(235, 44, 6125, 'CONVERSORES ELÉTRICOS ROTATIVOS', '0000-00-00 00:00:00', '0000-00-00 00:00:00'),
(236, 44, 6130, 'CONVERSORES ELÉTRICOS NÃO ROTATIVOS', '0000-00-00 00:00:00', '0000-00-00 00:00:00'),
(237, 44, 6135, 'BATERIAS NÃO RECARREGAVEIS', '0000-00-00 00:00:00', '0000-00-00 00:00:00'),
(238, 44, 6140, 'BATERIAS RECARREGAVEIS EM MONOBLOCOS ESTACIONÁRIOS', '0000-00-00 00:00:00', '0000-00-00 00:00:00'),
(239, 44, 6145, 'CONDUTORES, FIOS E CABOS ELÉTRICOS', '0000-00-00 00:00:00', '0000-00-00 00:00:00'),
(240, 44, 6150, 'EQUIPAMENTOS PARA GERAÇÃO E DISTRIBUIÇÃO DE ENERGIA', '0000-00-00 00:00:00', '0000-00-00 00:00:00'),
(241, 44, 6160, 'ACESSÓRIOS E REVESTIMENTOS PARA BATERIAS', '0000-00-00 00:00:00', '0000-00-00 00:00:00'),
(242, 44, 6190, 'MATERIAIS, PEÇAS PARA REPOSIÇÃO DE EQUIPAMENTOS DE FORCA E DISTRIBUIÇÃO', '0000-00-00 00:00:00', '0000-00-00 00:00:00'),
(243, 45, 6210, 'APARELHOS DE ILUMINAÇÃO ELETRICA DE USO INTERNO E EXTERNO', '0000-00-00 00:00:00', '0000-00-00 00:00:00'),
(244, 45, 6220, 'LUZES E APARELHOS DE ILUMINAÇÃO ELETRICA PARA VEÍCULOS', '0000-00-00 00:00:00', '0000-00-00 00:00:00'),
(245, 45, 6230, 'EQUIPAMENTOS PORTATEIS DE ILUMINAÇÃO ELETRICA', '0000-00-00 00:00:00', '0000-00-00 00:00:00'),
(246, 45, 6240, 'LAMPADAS ELETRICAS', '0000-00-00 00:00:00', '0000-00-00 00:00:00'),
(247, 45, 6250, 'REATORES, SUPORTES PARA LAMPADAS,ELEMENTOS DE PARTIDA E PROTETORES DE SEGURANCA', '0000-00-00 00:00:00', '0000-00-00 00:00:00'),
(248, 45, 6260, 'APARELHOS NÃO ELÉTRICOS DE ILUMINAÇÃO', '0000-00-00 00:00:00', '0000-00-00 00:00:00'),
(249, 45, 6270, 'SUPRIMENTOS PARA CONDUÇÃO ELETRICA E DE ILUMINAÇÃO', '0000-00-00 00:00:00', '0000-00-00 00:00:00'),
(250, 46, 6310, 'SISTEMAS DE SINALIZAÇÃO E CONTROLE DE TRAFEGO E TRÂNSITO', '0000-00-00 00:00:00', '0000-00-00 00:00:00'),
(251, 46, 6320, 'SISTEMAS DE SINALIZAÇÃO E ALARME DE EMBARCAÇÕES', '0000-00-00 00:00:00', '0000-00-00 00:00:00'),
(252, 46, 6330, 'SISTEMAS DE SINALIZAÇÃO E ALARME PARA FERROVIAS', '0000-00-00 00:00:00', '0000-00-00 00:00:00'),
(253, 46, 6340, 'SISTEMAS DE SINALIZAÇÃO PARA AERONAVES', '0000-00-00 00:00:00', '0000-00-00 00:00:00'),
(254, 46, 6350, 'SISTEMAS DE SINALIZAÇÃO, ALARME E DETECÇÃO PARA SEGURANCA', '0000-00-00 00:00:00', '0000-00-00 00:00:00'),
(255, 46, 6360, 'SISTEMAS DE FILMAGEM MOVEL,ATRAVEZ DE CAMERA,MICRO CAMERA DESTINADOS PARA INVESTIGAR,INQUERIR OU PES', '0000-00-00 00:00:00', '0000-00-00 00:00:00'),
(256, 46, 6390, 'PEÇAS DE REPOSIÇÃO PARA EQUIPAMENTOS DE SINALIZAÇÃO E SEGURANCA', '0000-00-00 00:00:00', '0000-00-00 00:00:00'),
(257, 47, 6410, 'EQUIPAMENTOS, UTENSILIOS E MOBILIÁRIOS DE USO VETERINÁRIO', '0000-00-00 00:00:00', '0000-00-00 00:00:00'),
(258, 47, 6420, 'MEDICAMENTOS EXCLUSIVOS DE USO VETERINÁRIO', '0000-00-00 00:00:00', '0000-00-00 00:00:00'),
(259, 47, 6430, 'ALIMENTAÇÃO PARA ANIMAIS', '0000-00-00 00:00:00', '0000-00-00 00:00:00'),
(260, 47, 6490, 'MATERIAIS,PEÇAS E ACESSÓRIOS PARA REPOSIÇÃO OU MANUTENÇÃO DEEQUIPAMENTOS DE USO VETERINÁRIO', '0000-00-00 00:00:00', '0000-00-00 00:00:00'),
(261, 48, 6501, 'MOBILIÁRIOS MÉDICO HOSPITALARES', '0000-00-00 00:00:00', '0000-00-00 00:00:00'),
(262, 48, 6502, 'COMPONENTES PARA MOBILIÁRIOS MÉDICO HOSPITALARES', '0000-00-00 00:00:00', '0000-00-00 00:00:00'),
(263, 48, 6506, 'EQUIPAMENTOS MÉDICO HOSPITALARES', '0000-00-00 00:00:00', '0000-00-00 00:00:00'),
(264, 48, 6507, 'COMPONENTES PARA EQUIPAMENTOS MÉDICO HOSPITALARES', '0000-00-00 00:00:00', '0000-00-00 00:00:00'),
(265, 48, 6508, 'INSUMOS PARA EQUIPAMENTOS MÉDICO HOSPITALARES', '0000-00-00 00:00:00', '0000-00-00 00:00:00'),
(266, 48, 6511, 'EQUIPAMENTOS E MOBILIÁRIOS DE USO ODONTOLÓGICO', '0000-00-00 00:00:00', '0000-00-00 00:00:00'),
(267, 48, 6512, 'COMPONENTES PARA EQUIPAMENTOS DE USO ODONTOLÓGICO', '0000-00-00 00:00:00', '0000-00-00 00:00:00'),
(268, 48, 6513, 'INSUMOS DE USO ODONTOLÓGICO', '0000-00-00 00:00:00', '0000-00-00 00:00:00'),
(269, 48, 6514, 'INSTRUMENTAIS DE USO ODONTOLÓGICO', '0000-00-00 00:00:00', '0000-00-00 00:00:00'),
(270, 48, 6516, 'EQUIPAMENTOS E FERRAMENTAS PARA MANUTENÇÃO DE EQUIPAMENTOS DE SAÚDE', '0000-00-00 00:00:00', '0000-00-00 00:00:00'),
(271, 48, 6521, 'INSTRUMENTAIS DE USO MÉDICO, CIRURGICO OU HOSPITALAR', '0000-00-00 00:00:00', '0000-00-00 00:00:00'),
(272, 48, 6526, 'MATERIAIS DE USO TECNICO HOSPITALAR', '0000-00-00 00:00:00', '0000-00-00 00:00:00'),
(273, 48, 6527, 'APARELHO SINALIZADOR DE INFUSÃO VENOSA', '0000-00-00 00:00:00', '0000-00-00 00:00:00'),
(274, 48, 6528, 'PRODUTOS E INSUMOS PARA DIETAS ESPECIAIS', '0000-00-00 00:00:00', '0000-00-00 00:00:00'),
(275, 48, 6529, 'SACOS DE LIXO,SACOS DE HAMPER E SUPORTE', '0000-00-00 00:00:00', '0000-00-00 00:00:00'),
(276, 48, 6530, 'COMPOSTOS E PREPARADOS PARA LIMPEZA HOSPITALAR', '0000-00-00 00:00:00', '0000-00-00 00:00:00'),
(277, 48, 6531, 'MEDICAMENTOS', '0000-00-00 00:00:00', '0000-00-00 00:00:00'),
(278, 48, 6532, 'MATÉRIAS-PRIMAS PARA INDÚSTRIA FARMACÊUTICA', '0000-00-00 00:00:00', '0000-00-00 00:00:00'),
(279, 48, 6533, 'RECIPIENTES E EMBALAGENS PARA ACONDICIONAMENTO DE PRODUTOS DA INDÚSTRIA FARMACÊUTICA', '0000-00-00 00:00:00', '0000-00-00 00:00:00'),
(280, 48, 6534, 'ELEMENTOS RADIOATIVOS PARA PESQUISAS EM MEDICINA NUCLEAR', '0000-00-00 00:00:00', '0000-00-00 00:00:00'),
(281, 48, 6536, 'PRODUTOS IMUNOBIOLÓGICOS E IMUNOTERÁPICOS', '0000-00-00 00:00:00', '0000-00-00 00:00:00'),
(282, 48, 6541, 'SOLUÇÕES ANTI-SÉPTICAS', '0000-00-00 00:00:00', '0000-00-00 00:00:00'),
(283, 48, 6551, 'BOLSAS E ACESSÓRIOS DE OSTOMIA', '0000-00-00 00:00:00', '0000-00-00 00:00:00'),
(284, 48, 6556, 'ÓRTESES, PRÓTESES E MATERIAIS AUXILIARES', '0000-00-00 00:00:00', '0000-00-00 00:00:00'),
(285, 48, 6557, 'MATERIAIS DE IMPLANTES CIRÚRGICOS', '0000-00-00 00:00:00', '0000-00-00 00:00:00'),
(286, 48, 6566, 'EQUIPAMENTOS DE USO LABORATORIAL', '0000-00-00 00:00:00', '0000-00-00 00:00:00'),
(287, 48, 6567, 'COMPONENTES DE EQUIPAMENTOS DE USO LABORATORIAL', '0000-00-00 00:00:00', '0000-00-00 00:00:00'),
(288, 48, 6568, 'INSUMOS DE EQUIPAMENTOS DE USO LABORATORIAL', '0000-00-00 00:00:00', '0000-00-00 00:00:00'),
(289, 48, 6571, 'VIDRARIAS, CORRELATOS E INSUMOS P/ USO LABORATORIAL', '0000-00-00 00:00:00', '0000-00-00 00:00:00'),
(290, 48, 6572, 'VESTUÁRIOS E UNIFORMES PARA USO HOSPITALAR E LABORATORIAL', '0000-00-00 00:00:00', '0000-00-00 00:00:00'),
(291, 48, 6573, 'KITS/REAGENTES PARA DOSAGENS BIOQUÍMICAS', '0000-00-00 00:00:00', '0000-00-00 00:00:00'),
(292, 48, 6574, 'KITS/REAGENTES PARA EXAMES IMUNOLÓGICOS/SOROLÓGICOS', '0000-00-00 00:00:00', '0000-00-00 00:00:00'),
(293, 48, 6575, 'KITS/REAGENTES PARA DOSAGENS HORMONAIS', '0000-00-00 00:00:00', '0000-00-00 00:00:00'),
(294, 48, 6576, 'REAGENTES QUÍMICOS E BIOLÓGICOS', '0000-00-00 00:00:00', '0000-00-00 00:00:00'),
(295, 48, 6577, 'TIRAS REAGENTES', '0000-00-00 00:00:00', '0000-00-00 00:00:00'),
(296, 48, 6578, 'MEIOS DE CULTURA', '0000-00-00 00:00:00', '0000-00-00 00:00:00'),
(297, 48, 6579, 'REAGENTES E INSUMOS PARA BIOLOGIA MOLECULAR', '0000-00-00 00:00:00', '0000-00-00 00:00:00'),
(298, 48, 6581, 'PRODUTOS BIOLOGICOS', '0000-00-00 00:00:00', '0000-00-00 00:00:00'),
(299, 48, 6586, 'INSUMOS PARA AS AREAS HEMATOLÓGICAS E HEMOTERÁPICAS', '0000-00-00 00:00:00', '0000-00-00 00:00:00'),
(300, 48, 6590, 'CADASTRO PADRONIZADO DE MEDICAMENTOS', '0000-00-00 00:00:00', '0000-00-00 00:00:00'),
(301, 48, 6591, 'MATERIAIS ESPECÍFICOS PARA TREINAMENTO EM SAÚDE', '0000-00-00 00:00:00', '0000-00-00 00:00:00'),
(302, 48, 6599, 'PINÇAS VIDEOLAPAROSCOPIA', '0000-00-00 00:00:00', '0000-00-00 00:00:00'),
(303, 49, 6636, 'CAMARAS DE CONTROLE AMBIENTAL E EQUIPAMENTOS CORRELATOS', '0000-00-00 00:00:00', '0000-00-00 00:00:00'),
(304, 49, 6640, 'INSTRUMENTOS E EQUIPAMENTOS DE CONTROLE E MEDIÇÃO', '0000-00-00 00:00:00', '0000-00-00 00:00:00'),
(305, 49, 6645, 'INSTRUMENTOS PARA MEDIÇÃO DE TEMPO', '0000-00-00 00:00:00', '0000-00-00 00:00:00'),
(306, 49, 6655, 'INSTRUMENTOS GEOGRÁFICOS E ASTRÔNOMICOS', '0000-00-00 00:00:00', '0000-00-00 00:00:00'),
(307, 49, 6660, 'INSTRUMENTOS E APARELHOS METEOROLÓGICOS', '0000-00-00 00:00:00', '0000-00-00 00:00:00'),
(308, 49, 6675, 'INSTRUMENTOS DE TOPOGRAFIA', '0000-00-00 00:00:00', '0000-00-00 00:00:00'),
(309, 49, 6680, 'INSTRUMENTOS DE DESENHO E CARTOGRAFIA', '0000-00-00 00:00:00', '0000-00-00 00:00:00'),
(310, 49, 6685, 'INSTRUMENTOS PARA MEDIÇÃO E CONTROLE DE PRESSÃO, TEMPERATURAE UMIDADE', '0000-00-00 00:00:00', '0000-00-00 00:00:00'),
(311, 49, 6690, 'MATERIAIS, PEÇAS E ACESSÓRIOS PARA REPOSIÇÃO OU MANUTENÇÃO DE INSTRUMENTOS E EQUIPAMENTOS DE CONTROL', '0000-00-00 00:00:00', '0000-00-00 00:00:00'),
(312, 49, 6695, 'GASES COMPRIMIDOS E LIQUEFEITOS', '0000-00-00 00:00:00', '0000-00-00 00:00:00'),
(313, 50, 6710, 'EQUIPAMENTOS FOTOGRÁFICOS E SEUS ACESSÓRIOS', '0000-00-00 00:00:00', '0000-00-00 00:00:00'),
(314, 50, 6720, 'EQUIPAMENTOS CINEMATOGRÁFICOS E SEUS ACESSÓRIOS', '0000-00-00 00:00:00', '0000-00-00 00:00:00'),
(315, 50, 6730, 'EQUIPAMENTOS DE PROJEÇÃO', '0000-00-00 00:00:00', '0000-00-00 00:00:00'),
(316, 50, 6740, 'EQUIPAMENTOS DE REVELAÇÃO E ACABAMENTO FOTOGRÁFICO', '0000-00-00 00:00:00', '0000-00-00 00:00:00'),
(317, 50, 6750, 'EQUIPAMENTOS DE SOM', '0000-00-00 00:00:00', '0000-00-00 00:00:00'),
(318, 50, 6780, 'FILMES E FITAS NÃO REVELADOS', '0000-00-00 00:00:00', '0000-00-00 00:00:00'),
(319, 50, 6785, 'SUPRIMENTOS PARA EQUIPAMENTOS DE REVELAÇÃO E ACABAMENTO FOTOGRÁFICO', '0000-00-00 00:00:00', '0000-00-00 00:00:00'),
(320, 50, 6790, 'PEÇAS E MATERIAIS DE REPOSIÇÃO OU MANUTENÇÃO DOS EQUIPAMENTOS FOTOGRÁFICOS, FILMOGRÁFICOS OU DE SOM', '0000-00-00 00:00:00', '0000-00-00 00:00:00'),
(321, 51, 6810, 'PRODUTOS E COMPOSTOS QUÍMICOS', '0000-00-00 00:00:00', '0000-00-00 00:00:00'),
(322, 51, 6820, 'CORANTES', '0000-00-00 00:00:00', '0000-00-00 00:00:00'),
(323, 51, 6830, 'GASES COMPRIMIDOS E LIQUEFEITOS', '0000-00-00 00:00:00', '0000-00-00 00:00:00'),
(324, 51, 6850, 'SUBSTANCIAS QUÍMICAS', '0000-00-00 00:00:00', '0000-00-00 00:00:00'),
(325, 51, 6860, 'PRODUTOS QUÍMICOS PARA INVESTIGAÇÃO CRIMINAL', '0000-00-00 00:00:00', '0000-00-00 00:00:00'),
(326, 52, 6910, 'EQUIPAMENTOS E MATERIAIS PARA A PERICIA CRIMINAL', '0000-00-00 00:00:00', '0000-00-00 00:00:00'),
(327, 52, 6920, 'ACESSÓRIOS PARA TREINAMENTO COM ARMAMENTO', '0000-00-00 00:00:00', '0000-00-00 00:00:00'),
(328, 52, 6930, 'EQUIIPAMENTOS E ACESSÓRIOS OPERACIONAIS E DE TREINAMENTO', '0000-00-00 00:00:00', '0000-00-00 00:00:00'),
(329, 52, 6940, 'PRODUTOS QUÍMICOS E MATERIAIS PARA INVESTIGAÇÃO CRIMINAL', '0000-00-00 00:00:00', '0000-00-00 00:00:00'),
(330, 52, 6950, 'EQUIPAMENTOS E MATERIAIS PARA PERICIA CRIMINAL', '0000-00-00 00:00:00', '0000-00-00 00:00:00'),
(331, 53, 7105, 'MOBILIÁRIOS DE ESCRITÓRIO', '0000-00-00 00:00:00', '0000-00-00 00:00:00'),
(332, 53, 7110, 'MOBILIÁRIOS DE ALOJAMENTOS', '0000-00-00 00:00:00', '0000-00-00 00:00:00'),
(333, 53, 7112, 'MOBILIÁRIOS DE BANHEIRO E AREA DE SERVIÇO', '0000-00-00 00:00:00', '0000-00-00 00:00:00'),
(334, 53, 7114, 'MOBILIÁRIOS DE COPA/COZINHA', '0000-00-00 00:00:00', '0000-00-00 00:00:00'),
(335, 53, 7120, 'MOBILIÁRIOS ESCOLARES E DE AUDITÓRIO', '0000-00-00 00:00:00', '0000-00-00 00:00:00'),
(336, 53, 7130, 'MOBILIÁRIOS PARA ESTOCAGEM E ARMAZENAMENTO', '0000-00-00 00:00:00', '0000-00-00 00:00:00'),
(337, 53, 7140, 'MOBILIÁRIOS PARA OFICINAS DE SERVIÇOS GERAIS', '0000-00-00 00:00:00', '0000-00-00 00:00:00'),
(338, 53, 7190, 'PEÇAS E MATERIAIS DE REPOSIÇÃO OU MANUTENÇÃO DE MOBILIÁRIOS', '0000-00-00 00:00:00', '0000-00-00 00:00:00'),
(339, 54, 7210, 'GUARNIÇÕES DE CAMA, MESA E ARTIGOS DE PANO', '0000-00-00 00:00:00', '0000-00-00 00:00:00'),
(340, 54, 7220, 'TAPEÇARIAS, CORTINAS E PERSIANAS', '0000-00-00 00:00:00', '0000-00-00 00:00:00'),
(341, 54, 7230, 'RECIPIENTES E UTILIDADES DE USO DOMÉSTICO', '0000-00-00 00:00:00', '0000-00-00 00:00:00'),
(342, 54, 7240, 'ARTIGOS DE VIDRO DE USO DOMÉSTICO', '0000-00-00 00:00:00', '0000-00-00 00:00:00'),
(343, 54, 7250, 'ARTIGOS DE DECORAÇÃO E RELIGIOSOS', '0000-00-00 00:00:00', '0000-00-00 00:00:00'),
(344, 54, 7255, 'EQUIPAMENTOS E ARTIGOS MORTUÁRIOS E DE CEMITÉRIO', '0000-00-00 00:00:00', '0000-00-00 00:00:00'),
(345, 54, 7260, 'ARTIGOS DE USO PESSOAL', '0000-00-00 00:00:00', '0000-00-00 00:00:00'),
(346, 55, 7310, 'EQUIPAMENTOS DE COZINHA', '0000-00-00 00:00:00', '0000-00-00 00:00:00'),
(347, 55, 7320, 'RECIPIENTES E UTENSÍLIOS DE COZINHA', '0000-00-00 00:00:00', '0000-00-00 00:00:00'),
(348, 55, 7330, 'ARTIGOS PARA SERVIÇOS DE MESA', '0000-00-00 00:00:00', '0000-00-00 00:00:00'),
(349, 55, 7340, 'JOGOS DE REFEITÓRIO E COZINHA', '0000-00-00 00:00:00', '0000-00-00 00:00:00'),
(350, 55, 7390, 'ACESSÓRIOS E PEÇAS PARA REPOSIÇÃO DE EQUIPAMENTOS PARA REFEITÓRIO, COPA E COZINHA', '0000-00-00 00:00:00', '0000-00-00 00:00:00'),
(351, 56, 7405, 'MÁQUINAS DE DATILOGRAFIA', '0000-00-00 00:00:00', '0000-00-00 00:00:00'),
(352, 56, 7410, 'MÁQUINAS DE CALCULAR E CONTÁBEIS', '0000-00-00 00:00:00', '0000-00-00 00:00:00'),
(353, 56, 7415, 'MÁQUINAS DE REPRODUÇÃO E COPIADORAS', '0000-00-00 00:00:00', '0000-00-00 00:00:00'),
(354, 56, 7420, 'MÁQUINAS E EQUIPAMENTOS PARA SERVIÇOS AUXILIARES DE USO COMERCIAL', '0000-00-00 00:00:00', '0000-00-00 00:00:00'),
(355, 56, 7490, 'PEÇAS E MATERIAIS DE REPOSIÇÃO E MANUTENÇÃO PARA MÁQUINAS E EQUIPAMENTOS PARA ESCRITÓRIOS', '0000-00-00 00:00:00', '0000-00-00 00:00:00'),
(356, 57, 7501, 'MATERIAL DE EXPEDIENTE - CADASTRO PADRONIZADO', '0000-00-00 00:00:00', '0000-00-00 00:00:00'),
(357, 57, 7505, 'ARTIGOS PARA ESCRITÓRIOS', '0000-00-00 00:00:00', '0000-00-00 00:00:00'),
(358, 57, 7510, 'UTENSILIOS PARA ESCRITÓRIOS', '0000-00-00 00:00:00', '0000-00-00 00:00:00'),
(359, 57, 7515, 'SUPRIMENTOS PARA MÁQUINAS DE ESCRITÓRIO', '0000-00-00 00:00:00', '0000-00-00 00:00:00'),
(360, 57, 7520, 'SUPRIMENTOS DE USO DIDÁTICO,PEDAGÓGICO,DE PAPELARIA E DE ESCRITÓRIO', '0000-00-00 00:00:00', '0000-00-00 00:00:00'),
(361, 57, 7530, 'FORMULÁRIOS CONTINUOS', '0000-00-00 00:00:00', '0000-00-00 00:00:00'),
(362, 57, 7550, 'IMPRESSOS OFICIAIS', '0000-00-00 00:00:00', '0000-00-00 00:00:00'),
(363, 57, 7560, 'IMPRESSOS NÃO OFICIAIS', '0000-00-00 00:00:00', '0000-00-00 00:00:00'),
(364, 57, 7570, 'FICHAS E CARTÕES', '0000-00-00 00:00:00', '0000-00-00 00:00:00'),
(365, 58, 7610, 'LIVROS E FOLHETOS', '0000-00-00 00:00:00', '0000-00-00 00:00:00'),
(366, 58, 7630, 'JORNAIS E PERIÓDICOS', '0000-00-00 00:00:00', '0000-00-00 00:00:00'),
(367, 58, 7640, 'MAPAS, CARTAS E GLOBOS GEOGRÁFICOS', '0000-00-00 00:00:00', '0000-00-00 00:00:00'),
(368, 58, 7650, 'DESENHOS E ESPECIFICAÇÕES', '0000-00-00 00:00:00', '0000-00-00 00:00:00'),
(369, 58, 7660, 'FOLHAS E LIVROS DE MUSICA', '0000-00-00 00:00:00', '0000-00-00 00:00:00'),
(370, 58, 7670, 'MICROFILMES REVELADOS E FITAS E DVDS GRAVADOS', '0000-00-00 00:00:00', '0000-00-00 00:00:00'),
(371, 59, 7710, 'INSTRUMENTOS MUSICAIS', '0000-00-00 00:00:00', '0000-00-00 00:00:00'),
(372, 59, 7720, 'PEÇAS E ACESSÓRIOS DE INSTRUMENTOS MUSICAIS', '0000-00-00 00:00:00', '0000-00-00 00:00:00'),
(373, 59, 7730, 'OBRAS DE ARTE', '0000-00-00 00:00:00', '0000-00-00 00:00:00'),
(374, 59, 7740, 'PRODUTOS ARTESANAIS', '0000-00-00 00:00:00', '0000-00-00 00:00:00'),
(375, 60, 7810, 'EQUIPAMENTOS ESPORTIVOS E EDUCATIVOS', '0000-00-00 00:00:00', '0000-00-00 00:00:00'),
(376, 60, 7820, 'JOGOS, BRINQUEDOS E ARTIGOS CORRELATOS COM RODAS', '0000-00-00 00:00:00', '0000-00-00 00:00:00'),
(377, 60, 7830, 'EQUIPAMENTOS PARA GINASTICA E RECREAÇÃO', '0000-00-00 00:00:00', '0000-00-00 00:00:00'),
(378, 60, 7840, 'MEDALHAS ,TROFEUS E PLACAS COMEMORATIVAS', '0000-00-00 00:00:00', '0000-00-00 00:00:00'),
(379, 60, 7850, 'KIT DE ESTUDO,MATERIAL DE USO EM EXPERIENCIA DE LABORATÓRIO ESCOLAR E ESTUDO', '0000-00-00 00:00:00', '0000-00-00 00:00:00'),
(380, 60, 7860, 'EQUIPAMENTO PARA CONSERVAÇÃO E RESTAURAÇÃO', '0000-00-00 00:00:00', '0000-00-00 00:00:00'),
(381, 61, 7910, 'EQUIPAMENTOS MOTORIZADOS DE LIMPEZA', '0000-00-00 00:00:00', '0000-00-00 00:00:00'),
(382, 61, 7912, 'SUPRIMENTOS DE EQUIPAMENTOS DE LIMPEZA', '0000-00-00 00:00:00', '0000-00-00 00:00:00'),
(383, 61, 7914, 'PEÇAS E MATERIAIS DE REPOSIÇÃO OU MANUTENÇÃO DE EQUIPAMENTOSDE LIMPEZA', '0000-00-00 00:00:00', '0000-00-00 00:00:00'),
(384, 61, 7920, 'UTENSÍLIOS DE LIMPEZA', '0000-00-00 00:00:00', '0000-00-00 00:00:00'),
(385, 61, 7930, 'COMPOSTOS E PREPARADOS PARA LIMPEZA E POLIMENTO', '0000-00-00 00:00:00', '0000-00-00 00:00:00'),
(386, 61, 7940, 'INSETICIDAS, PESTICIDAS E DESODORIZADORES DE USO DOMÉSTICO', '0000-00-00 00:00:00', '0000-00-00 00:00:00'),
(387, 62, 8010, 'TINTAS, VERNIZES E PRODUTOS CORRELATOS', '0000-00-00 00:00:00', '0000-00-00 00:00:00'),
(388, 62, 8020, 'PINCEIS PARA ARTISTA E PINTOR', '0000-00-00 00:00:00', '0000-00-00 00:00:00'),
(389, 62, 8030, 'COMPOSTOS PRESERVATIVOS E VEDANTES', '0000-00-00 00:00:00', '0000-00-00 00:00:00'),
(390, 62, 8040, 'ADESIVOS', '0000-00-00 00:00:00', '0000-00-00 00:00:00'),
(391, 63, 8105, 'SACOS,BOLSAS E SACOLAS', '0000-00-00 00:00:00', '0000-00-00 00:00:00'),
(392, 63, 8110, 'TAMBORES E LATAS', '0000-00-00 00:00:00', '0000-00-00 00:00:00'),
(393, 63, 8115, 'CAIXAS, CAIXOTES E ENGRADADOS', '0000-00-00 00:00:00', '0000-00-00 00:00:00'),
(394, 63, 8120, 'SILOS E TANQUES', '0000-00-00 00:00:00', '0000-00-00 00:00:00'),
(395, 63, 8125, 'CILINDROS PARA GASES', '0000-00-00 00:00:00', '0000-00-00 00:00:00'),
(396, 63, 8130, 'CARRETEIS E BOBINAS', '0000-00-00 00:00:00', '0000-00-00 00:00:00'),
(397, 63, 8135, 'MATERIAIS A GRANEL PARA EMBALAGENS E ACONDICIONAMENTOS', '0000-00-00 00:00:00', '0000-00-00 00:00:00'),
(398, 63, 8140, 'MATERIAIS DE ACONDICIONAMENTO PARA SOROS,VACINAS E AFINS', '0000-00-00 00:00:00', '0000-00-00 00:00:00'),
(399, 63, 8145, 'EMBALAGENS PARA ACONDICIONAMENTOS DE ALIMENTOS PREPARADOS', '0000-00-00 00:00:00', '0000-00-00 00:00:00'),
(400, 64, 8305, 'TECIDOS', '0000-00-00 00:00:00', '0000-00-00 00:00:00'),
(401, 64, 8310, 'FIOS E LINHAS', '0000-00-00 00:00:00', '0000-00-00 00:00:00'),
(402, 64, 8315, 'AVIAMENTOS DE COSTURA', '0000-00-00 00:00:00', '0000-00-00 00:00:00'),
(403, 64, 8320, 'MATERIAIS PARA ENCHIMENTO DE ESTOFADOS', '0000-00-00 00:00:00', '0000-00-00 00:00:00'),
(404, 64, 8325, 'PELES E COUROS', '0000-00-00 00:00:00', '0000-00-00 00:00:00'),
(405, 64, 8330, 'MATERIAIS PARA CALCADOS', '0000-00-00 00:00:00', '0000-00-00 00:00:00'),
(406, 64, 8335, 'BARRACAS E ENCERADOS', '0000-00-00 00:00:00', '0000-00-00 00:00:00'),
(407, 64, 8340, 'BANDEIRAS, FLAMULAS E PAVILHÕES', '0000-00-00 00:00:00', '0000-00-00 00:00:00'),
(408, 64, 8345, 'MATERIAL PARA ENCHIMENTO EM GERAL', '0000-00-00 00:00:00', '0000-00-00 00:00:00'),
(409, 65, 8411, 'UNIFORMES MILITARES', '0000-00-00 00:00:00', '0000-00-00 00:00:00'),
(410, 65, 8421, 'UNIFORMES CIVÍS', '0000-00-00 00:00:00', '0000-00-00 00:00:00'),
(411, 65, 8431, 'VESTUÁRIOS EM GERAL', '0000-00-00 00:00:00', '0000-00-00 00:00:00'),
(412, 65, 8441, 'INSÍGNIAS', '0000-00-00 00:00:00', '0000-00-00 00:00:00'),
(413, 66, 8510, 'PRODUTOS PARA HIGIENE PESSOAL', '0000-00-00 00:00:00', '0000-00-00 00:00:00'),
(414, 66, 8520, 'UTENSÍLIOS PARA HIGIENE PESSOAL', '0000-00-00 00:00:00', '0000-00-00 00:00:00'),
(415, 66, 8530, 'ARTIGOS DE PAPEL PARA HIGIENE PESSOAL', '0000-00-00 00:00:00', '0000-00-00 00:00:00'),
(416, 66, 8540, 'GUARNIÇÕES DE BANHO', '0000-00-00 00:00:00', '0000-00-00 00:00:00'),
(417, 67, 8610, 'COMPUTADORES', '0000-00-00 00:00:00', '0000-00-00 00:00:00'),
(418, 67, 8611, 'IMPRESSORAS', '0000-00-00 00:00:00', '0000-00-00 00:00:00'),
(419, 67, 8612, 'EQUIPAMENTOS DE ARMAZENAMENTO DE DADOS', '0000-00-00 00:00:00', '0000-00-00 00:00:00'),
(420, 67, 8613, 'EQUIPAMENTOS DE ENTRADA DE DADOS', '0000-00-00 00:00:00', '0000-00-00 00:00:00'),
(421, 67, 8614, 'EQUIPAMENTOS DE ESTABILIZAÇÃO E PROTEÇÃO DE ENERGIA', '0000-00-00 00:00:00', '0000-00-00 00:00:00'),
(422, 67, 8615, 'EQUIPAMENTOS DE REDE LOCAL', '0000-00-00 00:00:00', '0000-00-00 00:00:00'),
(423, 67, 8616, 'EQUIPAMENTOS DE REDE REMOTA', '0000-00-00 00:00:00', '0000-00-00 00:00:00'),
(424, 67, 8617, 'APARELHOS DE TESTE DE INFORMÁTICA', '0000-00-00 00:00:00', '0000-00-00 00:00:00'),
(425, 67, 8618, 'EQUIPAMENTOS FORENSES', '0000-00-00 00:00:00', '0000-00-00 00:00:00'),
(426, 67, 8619, 'SOFTWARES', '0000-00-00 00:00:00', '0000-00-00 00:00:00'),
(427, 67, 8690, 'PEÇAS E ACESSÓRIOS PARA COMPUTADORES', '0000-00-00 00:00:00', '0000-00-00 00:00:00'),
(428, 67, 8691, 'PEÇAS E ACESSÓRIOS PARA IMPRESSORAS', '0000-00-00 00:00:00', '0000-00-00 00:00:00'),
(429, 67, 8692, 'CABEAMENTOS DE REDE DE INFORMÁTICA', '0000-00-00 00:00:00', '0000-00-00 00:00:00'),
(430, 67, 8693, 'PEÇAS DE REPOSIÇÃO PARA EQUIPAMENTOS DE INFORMÁTICA', '0000-00-00 00:00:00', '0000-00-00 00:00:00'),
(431, 67, 8695, 'SUPRIMENTOS DE INFORMÁTICA', '0000-00-00 00:00:00', '0000-00-00 00:00:00'),
(432, 68, 8710, 'PLANTAS ORNAMENTAIS (NATURAIS OU ARTIFICIAIS)', '0000-00-00 00:00:00', '0000-00-00 00:00:00'),
(433, 68, 8720, 'FERTILIZANTES E DEFENSIVOS AGRICOLAS', '0000-00-00 00:00:00', '0000-00-00 00:00:00'),
(434, 68, 8730, 'SEMENTES E MUDAS DE PLANTAS', '0000-00-00 00:00:00', '0000-00-00 00:00:00'),
(435, 69, 8810, 'ANIMAIS VIVOS CRIADOS PARA ALIMENTAÇÃO', '0000-00-00 00:00:00', '0000-00-00 00:00:00'),
(436, 69, 8820, 'ANIMAIS VIVOS NÃO CRIADOS PARA ALIMENTAÇÃO', '0000-00-00 00:00:00', '0000-00-00 00:00:00'),
(437, 70, 8905, 'CARNES,AVES E PEIXES IN-NATURA', '0000-00-00 00:00:00', '0000-00-00 00:00:00'),
(438, 70, 8906, 'CARNES,AVES E PEIXES PROCESSADOS E SEMI PROCESSADOS', '0000-00-00 00:00:00', '0000-00-00 00:00:00'),
(439, 70, 8910, 'LEITES, LATICÍNIOS E SEUS DERIVADOS', '0000-00-00 00:00:00', '0000-00-00 00:00:00'),
(440, 70, 8915, 'FRUTAS,VERDURAS E LEGUMES IN-NATURA', '0000-00-00 00:00:00', '0000-00-00 00:00:00'),
(441, 70, 8916, 'FRUTAS,VERDURAS E LEGUMES PROCESSADOS E SEMI PROCESSADOS', '0000-00-00 00:00:00', '0000-00-00 00:00:00'),
(442, 70, 8920, 'CEREAIS EM GRÃOS E FARINHAS EM GERAL', '0000-00-00 00:00:00', '0000-00-00 00:00:00'),
(443, 70, 8925, 'MASSAS ALIMENTÍCIAS E PRODUTOS DE PANIFICAÇÃO', '0000-00-00 00:00:00', '0000-00-00 00:00:00'),
(444, 70, 8930, 'AÇUCARES E ARTIGOS PARA CONFEITARIAS', '0000-00-00 00:00:00', '0000-00-00 00:00:00'),
(445, 70, 8935, 'DOCES E SALGADOS ARTESANAIS E INDUSTRIALIZADOS', '0000-00-00 00:00:00', '0000-00-00 00:00:00'),
(446, 70, 8940, 'COMPOTAS,DOCES ENLATADOS,POS P/GELATINAS,GELÉIAS E SORVETES', '0000-00-00 00:00:00', '0000-00-00 00:00:00'),
(447, 70, 8945, 'MISTURAS PARA PREPARO DE ALIMENTOS', '0000-00-00 00:00:00', '0000-00-00 00:00:00'),
(448, 70, 8950, 'ALIMENTOS DIETETICOS E PARA DIETAS ESPECIAIS', '0000-00-00 00:00:00', '0000-00-00 00:00:00'),
(449, 70, 8955, 'ÓLEOS VEGETAIS E GORDURAS ANIMAIS', '0000-00-00 00:00:00', '0000-00-00 00:00:00'),
(450, 70, 8960, 'TEMPEROS,CONDIMENTOS E CORRELATOS', '0000-00-00 00:00:00', '0000-00-00 00:00:00'),
(451, 70, 8965, 'CAFÉS, CHÁS, ACHOCOLATADOS E OUTRAS BEBIDAS SOLÚVEIS', '0000-00-00 00:00:00', '0000-00-00 00:00:00'),
(452, 70, 8970, 'BEBIDAS NÃO ALCÓOLICAS', '0000-00-00 00:00:00', '0000-00-00 00:00:00'),
(453, 70, 8975, 'BEBIDAS ALCÓOLICAS', '0000-00-00 00:00:00', '0000-00-00 00:00:00'),
(454, 70, 8980, 'CESTAS BASICAS', '0000-00-00 00:00:00', '0000-00-00 00:00:00'),
(455, 70, 8985, 'OVOS DE AVES', '0000-00-00 00:00:00', '0000-00-00 00:00:00'),
(456, 71, 9005, 'MATERIAL FUNERÁRIO', '0000-00-00 00:00:00', '0000-00-00 00:00:00'),
(457, 72, 9110, 'COMBUSTÍVEIS SÓLIDOS', '0000-00-00 00:00:00', '0000-00-00 00:00:00'),
(458, 72, 9115, 'COMBUSTÍVEIS LIQUIDOS E GASOSOS A BASE DE PETRÓLEO NÃO AUTO-MOTIVOS', '0000-00-00 00:00:00', '0000-00-00 00:00:00'),
(459, 72, 9120, 'COMBUSTÍVEIS LIQUIDOS E GASOSOS,(REVENDA VAREJO)', '0000-00-00 00:00:00', '0000-00-00 00:00:00'),
(460, 72, 9130, 'COMBUSTÍVEIS LIQUIDOS E GASOSOS OXIDANTES A BASE DE QUÍMICA', '0000-00-00 00:00:00', '0000-00-00 00:00:00'),
(461, 72, 9140, 'ÓLEOS, GRAXAS PARA LUBRIFICAÇÃO, CORTES E SISTEMAS HIDRÁULICOS', '0000-00-00 00:00:00', '0000-00-00 00:00:00'),
(462, 72, 9150, 'CÊRAS, ÓLEOS E GORDURAS', '0000-00-00 00:00:00', '0000-00-00 00:00:00'),
(463, 72, 9160, 'COMBUSTÍVEIS LIQUIDOS E GASOSOS,(ATACADO VIA DISTRIBUIDOR)', '0000-00-00 00:00:00', '0000-00-00 00:00:00'),
(464, 73, 9210, 'FUMOS E CIGARROS', '0000-00-00 00:00:00', '0000-00-00 00:00:00'),
(465, 74, 9310, 'PAPÉIS E PAPELÕES', '0000-00-00 00:00:00', '0000-00-00 00:00:00'),
(466, 74, 9320, 'ARTIGOS DE BORRACHA', '0000-00-00 00:00:00', '0000-00-00 00:00:00'),
(467, 74, 9330, 'ARTIGOS DE PLÁSTICO', '0000-00-00 00:00:00', '0000-00-00 00:00:00'),
(468, 74, 9340, 'ARTIGOS DE VIDRO', '0000-00-00 00:00:00', '0000-00-00 00:00:00'),
(469, 75, 9410, 'MATÉRIAS-PRIMAS DE ORIGEM ANIMAL', '0000-00-00 00:00:00', '0000-00-00 00:00:00'),
(470, 75, 9420, 'FIBRAS VEGETAIS E SINTÉTICAS', '0000-00-00 00:00:00', '0000-00-00 00:00:00');
INSERT INTO `item_classes` (`id`, `item_group_id`, `keycode`, `name`, `created`, `modified`) VALUES
(471, 75, 9430, 'MATÉRIAS-PRIMAS DE ORIGEM VEGETAL', '0000-00-00 00:00:00', '0000-00-00 00:00:00'),
(472, 76, 9505, 'ARAMES DE FERRO E DE AÇO, NÃO UTILIZÁVEIS EM ELETRICIDADE', '0000-00-00 00:00:00', '0000-00-00 00:00:00'),
(473, 76, 9510, 'BARRAS E VERGALHÕES DE FERRO E DE AÇO', '0000-00-00 00:00:00', '0000-00-00 00:00:00'),
(474, 76, 9515, 'PLACAS, CHAPAS, FITAS E LAMINADOS FINOS DE FERRO E DE AÇO', '0000-00-00 00:00:00', '0000-00-00 00:00:00'),
(475, 76, 9520, 'PERFIS ESTRUTURAIS DE FERRO E DE AÇO', '0000-00-00 00:00:00', '0000-00-00 00:00:00'),
(476, 76, 9525, 'AR', '0000-00-00 00:00:00', '0000-00-00 00:00:00'),
(477, 76, 9530, 'BARRAS E VERGALHÕES DE METAL NÃO FERROSO', '0000-00-00 00:00:00', '0000-00-00 00:00:00'),
(478, 76, 9535, 'PLACAS,CHAPAS,FITAS E LAMINADOS FINOS DE METAL NÃO FERROSO', '0000-00-00 00:00:00', '0000-00-00 00:00:00'),
(479, 76, 9540, 'PE', '0000-00-00 00:00:00', '0000-00-00 00:00:00'),
(480, 76, 9545, 'PL', '0000-00-00 00:00:00', '0000-00-00 00:00:00'),
(481, 76, 9590, 'PEÇAS DE REPOSIÇÃO DE PERFILADOS METÁLICOS', '0000-00-00 00:00:00', '0000-00-00 00:00:00'),
(482, 77, 9610, 'MINÉRIOS E MINERAIS', '0000-00-00 00:00:00', '0000-00-00 00:00:00'),
(483, 78, 9710, 'PLACAS P/IDENTIFICAÇÃO DE VEÍCULOS', '0000-00-00 00:00:00', '0000-00-00 00:00:00'),
(484, 78, 9712, 'PLACAS SINALIZADORAS DE TRÂNSITO', '0000-00-00 00:00:00', '0000-00-00 00:00:00'),
(485, 78, 9713, 'MATERIAIS E ACESSÓRIOS PARA SINALIZAÇÃO DE TRÂNSITO', '0000-00-00 00:00:00', '0000-00-00 00:00:00'),
(486, 78, 9715, 'PLACAS INDICATIVAS DE LOGRADOUROS INTERNOS', '0000-00-00 00:00:00', '0000-00-00 00:00:00'),
(487, 78, 9720, 'MATERIAIS E ACESSÓRIOS PARA SINALIZAÇÃO AMBIENTAL E DE TRÂNSITO EM GERAL', '0000-00-00 00:00:00', '0000-00-00 00:00:00'),
(488, 1, 101, 'SERVIÇO DE TRANSPORTE DE CARGAS E REBOQUE', '0000-00-00 00:00:00', '0000-00-00 00:00:00'),
(489, 1, 102, 'SERVIÇO DE TRANSPORTE DE PASSAGEIROS POR FRETAMENTO DE VEÍCULO', '0000-00-00 00:00:00', '0000-00-00 00:00:00'),
(490, 1, 103, 'SERVIÇOS RELATIVOS A VIAGENS', '0000-00-00 00:00:00', '0000-00-00 00:00:00'),
(491, 1, 104, 'SERVIÇO DE ENTREGA DE DOCUMENTOS', '0000-00-00 00:00:00', '0000-00-00 00:00:00'),
(492, 1, 105, 'SERVIÇO DE ACONDICIONAMENTO E/OU ARMAZENAGEM', '0000-00-00 00:00:00', '0000-00-00 00:00:00'),
(493, 2, 201, 'SERVIÇO TECNICO ESPECIALIZADO EM CONSTRUÇÃO CIVIL', '0000-00-00 00:00:00', '0000-00-00 00:00:00'),
(494, 2, 202, 'SERVIÇO DE ELABORAÇÃO DE ESTUDOS E PROJETOS DE ENGENHARIA E ARQUITETURA', '0000-00-00 00:00:00', '0000-00-00 00:00:00'),
(495, 2, 203, 'SERVIÇO TECNICO ESPECIALIZADO EM ENGENHARIA RODOVIÁRIA', '0000-00-00 00:00:00', '0000-00-00 00:00:00'),
(496, 2, 204, 'SERVIÇO TECNICO ESPECIALIZADO DE ENGENHARIA - PROVISÓRIO', '0000-00-00 00:00:00', '0000-00-00 00:00:00'),
(497, 2, 205, 'SERVIÇO RELACIONADO A ENGENHARIA EM GERAL', '0000-00-00 00:00:00', '0000-00-00 00:00:00'),
(498, 3, 301, 'SERVIÇO DE VIGILÂNCIA', '0000-00-00 00:00:00', '0000-00-00 00:00:00'),
(499, 3, 302, 'SERVIÇO DE SEGURANCA ELETRONICA', '0000-00-00 00:00:00', '0000-00-00 00:00:00'),
(500, 3, 303, 'SERVIÇOS DE VIGILÂNCIA FORA DO PADRÃO SAD', '0000-00-00 00:00:00', '0000-00-00 00:00:00'),
(501, 3, 304, 'SERVIÇOS DE PORTARIA', '0000-00-00 00:00:00', '0000-00-00 00:00:00'),
(502, 4, 401, 'SERVIÇO DE LOCAÇÃO DE SOFTWARE E EQUIPAMENTOS RELATIVOS A ÁREA DE INFORMÁTICA', '0000-00-00 00:00:00', '0000-00-00 00:00:00'),
(503, 4, 402, 'SERVIÇOS DE LOCAÇÃO DE EQUIPAMENTOS RELATIVOS A COPA/COZINHA E LAVANDERIA', '0000-00-00 00:00:00', '0000-00-00 00:00:00'),
(504, 4, 403, 'SERVIÇO DE LOCAÇÃO DE EQUIPAMENTOS RELATIVOS AO SISTEMA DE REFRIGERAÇÃO', '0000-00-00 00:00:00', '0000-00-00 00:00:00'),
(505, 4, 404, 'SERVIÇO DE LOCAÇÃO DE EQUIPAMENTOS RELATIVOS AS ATIVIDADES MEDICAS, ODONTOLÓGICAS, AMBULATORIAIS E L', '0000-00-00 00:00:00', '0000-00-00 00:00:00'),
(506, 4, 405, 'SERVIÇO DE LOCAÇÃO DE MÁQUINAS E EQUIPAMENTOS ELÉTRICOS, ELETRÔNICOS E ELETRO-ELETRÔNICOS', '0000-00-00 00:00:00', '0000-00-00 00:00:00'),
(507, 4, 406, 'SERVIÇO DE LOCAÇÃO DE MÁQUINAS E EQUIPAMENTOS INDUSTRIAIS', '0000-00-00 00:00:00', '0000-00-00 00:00:00'),
(508, 4, 407, 'SERVIÇO DE LOCAÇÃO DE EQUIPAMENTOS DE MEDIÇÃO', '0000-00-00 00:00:00', '0000-00-00 00:00:00'),
(509, 4, 408, 'SERVIÇO DE LOCAÇÃO DE VEÍCULOS', '0000-00-00 00:00:00', '0000-00-00 00:00:00'),
(510, 4, 409, 'SERVIÇO DE LOCAÇÃO DE IMÓVEL', '0000-00-00 00:00:00', '0000-00-00 00:00:00'),
(511, 4, 410, 'SERVIÇO DE LOCAÇÃO DE MOBILIÁRIO', '0000-00-00 00:00:00', '0000-00-00 00:00:00'),
(512, 4, 411, 'SERVIÇO DE LOCAÇÃO DE VESTUÁRIO EM GERAL', '0000-00-00 00:00:00', '0000-00-00 00:00:00'),
(513, 4, 413, 'LOCAÇÃO DE MATERIAL, MÁQUINA, EQUIPAMENTO E INSTRUMENTO EM GERAL', '0000-00-00 00:00:00', '0000-00-00 00:00:00'),
(514, 5, 501, 'SERVIÇO DE MANUTENÇÃO DE ELEVADORES, ESCADAS E RAMPAS ROLANTES', '0000-00-00 00:00:00', '0000-00-00 00:00:00'),
(515, 5, 502, 'SERVIÇO DE MANUTENÇÃO DE EQUIPAMENTOS RELATIVO A ÁREA DE INFORMÁTICA', '0000-00-00 00:00:00', '0000-00-00 00:00:00'),
(516, 5, 503, 'MANUTENÇÃO DE EQUIPAMENTOS RELATIVOS A COPA/COZINHA E LAVANDERIA', '0000-00-00 00:00:00', '0000-00-00 00:00:00'),
(517, 5, 504, 'SERVIÇO DE MANUTENÇÃO DE EQUIPAMENTOS RELATIVOS AO SISTEMA DE REFRIGERAÇÃO', '0000-00-00 00:00:00', '0000-00-00 00:00:00'),
(518, 5, 505, 'SERVIÇO DE MANUTENÇÃO DE EQUIPAMENTOS RELATIVOS AS ATIVIDADES MEDICAS, ODONTOLÓGICA, AMBULATORIAIS E', '0000-00-00 00:00:00', '0000-00-00 00:00:00'),
(519, 5, 506, 'SERVIÇO DE MANUTENÇÃO DE MÁQUINAS E EQUIPAMENTOS ELÉTRICOS, ELETRÔNICOS E ELETRO-ELETRÔNICOS', '0000-00-00 00:00:00', '0000-00-00 00:00:00'),
(520, 5, 507, 'SERVIÇO DE MANUTENÇÃO DE MÁQUINAS E EQUIPAMENTOS INDUSTRIAIS', '0000-00-00 00:00:00', '0000-00-00 00:00:00'),
(521, 5, 508, 'SERVIÇO DE MANUTENÇÃO DE EQUIPAMENTOS DE SINALIZAÇÃO, VIGILÂNCIA E SEGURANCA', '0000-00-00 00:00:00', '0000-00-00 00:00:00'),
(522, 5, 509, 'SERVIÇO DE MANUTENÇÃO DE EQUIPAMENTOS DE MEDIÇÃO', '0000-00-00 00:00:00', '0000-00-00 00:00:00'),
(523, 5, 510, 'SERVIÇO DE MANUTENÇÃO DE VEÍCULOS', '0000-00-00 00:00:00', '0000-00-00 00:00:00'),
(524, 5, 511, 'SERVIÇO DE MANUTENÇÃO DE MOBILIÁRIOS E UTENSILIOS', '0000-00-00 00:00:00', '0000-00-00 00:00:00'),
(525, 5, 599, 'SERVIÇO DE MANUTENÇÃO PROVISÓRIO', '0000-00-00 00:00:00', '0000-00-00 00:00:00'),
(526, 6, 601, 'SERVIÇO DE INSTALAÇÃO E MONTAGEM DE ESTRUTURA', '0000-00-00 00:00:00', '0000-00-00 00:00:00'),
(527, 6, 602, 'SERVIÇO DE INSTALAÇÃO, PRODUÇÃO, MONTAGEM E DESMONTAGEM', '0000-00-00 00:00:00', '0000-00-00 00:00:00'),
(528, 6, 603, 'SERVIÇO DE INSTALAÇÃO DE SOFTWARES E EQUIPAMENTOS PARA INFORMÁTICA', '0000-00-00 00:00:00', '0000-00-00 00:00:00'),
(529, 7, 701, 'SERVIÇOS REPROGRÁFICOS', '0000-00-00 00:00:00', '0000-00-00 00:00:00'),
(530, 7, 702, 'SERVIÇO DE APOIO ADMINISTRATIVO', '0000-00-00 00:00:00', '0000-00-00 00:00:00'),
(531, 7, 703, 'SERVIÇO DE FORNECIMENTO DE COMBUSTÍVEL', '0000-00-00 00:00:00', '0000-00-00 00:00:00'),
(532, 7, 704, 'SERVIÇO DE SEGURO', '0000-00-00 00:00:00', '0000-00-00 00:00:00'),
(533, 7, 705, 'SERVIÇO DE NUTRIÇÃO E ALIMENTAÇÃO', '0000-00-00 00:00:00', '0000-00-00 00:00:00'),
(534, 7, 706, 'SERVIÇO DE PUBLICIDADE E PROPAGANDA', '0000-00-00 00:00:00', '0000-00-00 00:00:00'),
(535, 7, 707, 'SERVIÇO DE CONTRIBUIÇÃO, ENCARGOS, MULTAS E JUROS', '0000-00-00 00:00:00', '0000-00-00 00:00:00'),
(536, 7, 708, 'SERVIÇOS DE PRODUÇÃO E IMPRESSAO GRÁFICA', '0000-00-00 00:00:00', '0000-00-00 00:00:00'),
(537, 7, 709, 'SERVIÇO DE LAVANDERIA E TINTURARIA', '0000-00-00 00:00:00', '0000-00-00 00:00:00'),
(538, 7, 710, 'SERVIÇOS DE FILMAGEM E FOTOGRÁFIA', '0000-00-00 00:00:00', '0000-00-00 00:00:00'),
(539, 7, 711, 'SERVIÇOS DE CONFECÇÃO DE UNIFORMES, BANDEIRAS, BRASAO, FLAMULAS, TAPETES, CONGENERES E VESTUÁRIO EM ', '0000-00-00 00:00:00', '0000-00-00 00:00:00'),
(540, 7, 712, 'SERVIÇOS DE RECEPÇÃO', '0000-00-00 00:00:00', '0000-00-00 00:00:00'),
(541, 7, 713, 'SERVIÇO DE TELEFONIA', '0000-00-00 00:00:00', '0000-00-00 00:00:00'),
(542, 7, 714, 'SERVIÇOS RELACIONADOS A BANCOS E INSTITUIÇÕES FINANCEIRAS', '0000-00-00 00:00:00', '0000-00-00 00:00:00'),
(543, 8, 801, 'SERVIÇO NA ÁREA DE SAÚDE', '0000-00-00 00:00:00', '0000-00-00 00:00:00'),
(544, 8, 802, 'SERVIÇOS NA ÁREA CULTURAL', '0000-00-00 00:00:00', '0000-00-00 00:00:00'),
(545, 8, 803, 'SERVIÇOS NA ÁREA EDUCACIONAL', '0000-00-00 00:00:00', '0000-00-00 00:00:00'),
(546, 8, 804, 'SERVIÇOS NA ÁREA ADMINISTRATIVA', '0000-00-00 00:00:00', '0000-00-00 00:00:00'),
(547, 8, 805, 'SERVIÇOS NAS ÁREAS FINANCEIRAS, TRIBUTÁRIA E CONTÁBIL', '0000-00-00 00:00:00', '0000-00-00 00:00:00'),
(548, 8, 806, 'SERVIÇOS NA ÁREA JURIDICA', '0000-00-00 00:00:00', '0000-00-00 00:00:00'),
(549, 8, 807, 'SERVIÇOS RELATIVOS AO SISTEMA DE ARRECADAÇÃO', '0000-00-00 00:00:00', '0000-00-00 00:00:00'),
(550, 8, 808, 'SERVIÇOS RELATIVOS A REDE DE DISTRIBUIÇÃO DE GÁS', '0000-00-00 00:00:00', '0000-00-00 00:00:00'),
(551, 8, 809, 'SERVIÇOS RELATIVOS AO SISTEMA DE AGUA E ESGOTO', '0000-00-00 00:00:00', '0000-00-00 00:00:00'),
(552, 8, 810, 'SERVIÇOS NA ÁREA DE PUBLICIDADE', '0000-00-00 00:00:00', '0000-00-00 00:00:00'),
(553, 8, 811, 'SERVIÇOS RELATIVOS AO SISTEMA DE TRANSPORTE', '0000-00-00 00:00:00', '0000-00-00 00:00:00'),
(554, 8, 812, 'SERVIÇOS NA ÁREA DE INFORMÁTICA', '0000-00-00 00:00:00', '0000-00-00 00:00:00'),
(555, 8, 813, 'SERVIÇOS DE PROFISSIONAIS TEMPORÁRIOS', '0000-00-00 00:00:00', '0000-00-00 00:00:00'),
(556, 8, 814, 'SERVIÇOS NA ÁREA DE COMUNICAÇÃO', '0000-00-00 00:00:00', '0000-00-00 00:00:00'),
(557, 8, 815, 'SERVIÇO NA ÁREA ODONTOLÓGICA', '0000-00-00 00:00:00', '0000-00-00 00:00:00'),
(558, 9, 901, 'SERVIÇO DE LIMPEZA PREDIAL', '0000-00-00 00:00:00', '0000-00-00 00:00:00'),
(559, 9, 902, 'SERVIÇO DE LIMPEZA HOSPITALAR', '0000-00-00 00:00:00', '0000-00-00 00:00:00'),
(560, 9, 903, 'SERVIÇO DE CONTROLE DE PRAGAS', '0000-00-00 00:00:00', '0000-00-00 00:00:00'),
(561, 9, 904, 'SERVIÇO DE REMOÇÃO DE MATERIAL', '0000-00-00 00:00:00', '0000-00-00 00:00:00'),
(562, 9, 905, 'SERVIÇO DE LIMPEZA DE CAIXA DÁGUA', '0000-00-00 00:00:00', '0000-00-00 00:00:00'),
(563, 9, 906, 'SERVIÇO DE PODAÇÃO DE ÁRVORES', '0000-00-00 00:00:00', '0000-00-00 00:00:00'),
(564, 9, 907, 'SERVIÇO DE LIMPEZA PREDIAL FORA DO PADRÃO SAD', '0000-00-00 00:00:00', '0000-00-00 00:00:00'),
(565, 9, 908, 'SERVIÇO DE LIMPEZA HOSPITALAR FORA DO PADRÃO SAD', '0000-00-00 00:00:00', '0000-00-00 00:00:00'),
(566, 9, 909, 'SERVIÇO DE LIMPEZA DE TERRENO', '0000-00-00 00:00:00', '0000-00-00 00:00:00'),
(567, 9, 910, 'SERVIÇO DE LIMPEZA INDUSTRIAL LABORATORIAL', '0000-00-00 00:00:00', '0000-00-00 00:00:00'),
(568, 9, 911, 'SERVIÇO DE LIMPEZA DE ÁREAS ESPECÍFICAS', '0000-00-00 00:00:00', '0000-00-00 00:00:00');

-- --------------------------------------------------------

--
-- Estrutura da tabela `item_groups`
--

CREATE TABLE IF NOT EXISTS `item_groups` (
  `id` int(11) NOT NULL AUTO_INCREMENT,
  `group_type_id` int(11) NOT NULL,
  `key` int(11) NOT NULL,
  `name` varchar(255) NOT NULL,
  `created` datetime NOT NULL,
  `modified` datetime NOT NULL,
  PRIMARY KEY (`id`),
  KEY `group_type_id` (`group_type_id`)
) ENGINE=InnoDB  DEFAULT CHARSET=utf8 AUTO_INCREMENT=80 ;

--
-- Extraindo dados da tabela `item_groups`
--

INSERT INTO `item_groups` (`id`, `group_type_id`, `key`, `name`, `created`, `modified`) VALUES
(1, 1, 1, 'SERVIÇOS DE TRANSPORTES, VIAGENS, ACONDICIONAMENTOS E ARMAZENAGENS, DISTRIBUIÇÃO E ENTREGA DE DOCUMENTOS.', '0000-00-00 00:00:00', '0000-00-00 00:00:00'),
(2, 1, 2, 'SERVIÇOS DE ENGENHARIA E ARQUITETURA', '0000-00-00 00:00:00', '0000-00-00 00:00:00'),
(3, 1, 3, 'SERVIÇOS DE VIGILÂNCIA E PORTARIA', '0000-00-00 00:00:00', '0000-00-00 00:00:00'),
(4, 1, 4, 'SERVIÇOS DE LOCAÇÃO', '0000-00-00 00:00:00', '0000-00-00 00:00:00'),
(5, 1, 5, 'SERVIÇOS DE MANUTENÇÃO', '0000-00-00 00:00:00', '0000-00-00 00:00:00'),
(6, 1, 6, 'SERVIÇOS DE INSTALAÇÃO, PRODUÇÃO, MONTAGEM E DESMONTAGEM', '0000-00-00 00:00:00', '0000-00-00 00:00:00'),
(7, 1, 7, 'SERVIÇOS ADMINISTRATIVOS GERAIS', '0000-00-00 00:00:00', '0000-00-00 00:00:00'),
(8, 1, 8, 'SERVIÇOS TÉCNICOS PROFISSIONAIS ESPECIALIZADOS', '0000-00-00 00:00:00', '0000-00-00 00:00:00'),
(9, 1, 9, 'SERVIÇOS DE CONTROLE DE PRAGAS, LIMPEZA E CONSERVAÇÃO', '0000-00-00 00:00:00', '0000-00-00 00:00:00'),
(10, 2, 10, 'MATERIAIS BÉLICOS', '0000-00-00 00:00:00', '0000-00-00 00:00:00'),
(11, 2, 13, 'EXPLOSIVOS E MUNICÕES', '0000-00-00 00:00:00', '0000-00-00 00:00:00'),
(12, 2, 15, 'AERONAVES, ACESSÓRIOS, EQUIPAMENTOS E COMPONENTES', '0000-00-00 00:00:00', '0000-00-00 00:00:00'),
(13, 2, 19, 'EMBARCACÕES - ACESSÓRIOS, EQUIPAMENTOS E COMPONENTES', '0000-00-00 00:00:00', '0000-00-00 00:00:00'),
(14, 2, 20, 'IMÓVEIS', '0000-00-00 00:00:00', '0000-00-00 00:00:00'),
(15, 2, 22, 'FERROVIAS - ACESSÓRIOS, EQUIPAMENTOS E COMPONENTES', '0000-00-00 00:00:00', '0000-00-00 00:00:00'),
(16, 2, 23, 'VEÍCULOS RODOVIÁRIOS', '0000-00-00 00:00:00', '0000-00-00 00:00:00'),
(17, 2, 24, 'TRATORES', '0000-00-00 00:00:00', '0000-00-00 00:00:00'),
(18, 2, 26, 'PNEUS E CÂMARAS', '0000-00-00 00:00:00', '0000-00-00 00:00:00'),
(19, 2, 27, 'PECAS E ACESSÓRIOS PARA AUTOMÓVEIS, MOTOCICLETAS, CICLOMOTO-RES, MOTONETAS E VEÍCULOS ESPECIAIS DE BOMBEIROS', '0000-00-00 00:00:00', '0000-00-00 00:00:00'),
(20, 2, 32, 'MÁQUINAS E EQUIPAMENTOS DE OFICINAS DE MANUTENÇÃO', '0000-00-00 00:00:00', '0000-00-00 00:00:00'),
(21, 2, 35, 'MÁQUINAS E EQUIPAMENTOS PARA SERVICOS GERAIS', '0000-00-00 00:00:00', '0000-00-00 00:00:00'),
(22, 2, 36, 'MÁQUINAS E EQUIPAMENTOS PARA INDUSTRIAS E USINAS ESPECIALIZADAS', '0000-00-00 00:00:00', '0000-00-00 00:00:00'),
(23, 2, 37, 'MÁQUINAS E EQUIPAMENTOS AGRICOLAS', '0000-00-00 00:00:00', '0000-00-00 00:00:00'),
(24, 2, 38, 'EQUIPAMENTOS PARA CONSTRUÇÃO, CONSERVAÇÃO DE RODOVIAS,MINERAÇÃO E ESCAVAÇÃO', '0000-00-00 00:00:00', '0000-00-00 00:00:00'),
(25, 2, 39, 'MÁQUINAS E EQUIPAMENTOS PARA MANUSEIO DE MATERIAL', '0000-00-00 00:00:00', '0000-00-00 00:00:00'),
(26, 2, 40, 'CORDAS, CABOS E CORRENTES', '0000-00-00 00:00:00', '0000-00-00 00:00:00'),
(27, 2, 41, 'EQUIPAMENTOS PARA REFRIGERAÇÃO, CONDICIONAMENTO E PURIFICAÇÃO DE AR', '0000-00-00 00:00:00', '0000-00-00 00:00:00'),
(28, 2, 42, 'EQUIPAMENTOS DE COMBATE A INCENDIO, RESGATE E SEGURANCA', '0000-00-00 00:00:00', '0000-00-00 00:00:00'),
(29, 2, 43, 'BOMBAS E COMPRESSORES', '0000-00-00 00:00:00', '0000-00-00 00:00:00'),
(30, 2, 44, 'FORNOS, CALDEIRAS E REATORES', '0000-00-00 00:00:00', '0000-00-00 00:00:00'),
(31, 2, 45, 'EQUIPAMENTOS DE INSTALACÕES HIDRÁULICAS, SANITÁRIAS E DE CA-LEFAÇÃO', '0000-00-00 00:00:00', '0000-00-00 00:00:00'),
(32, 2, 46, 'EQUIPAMENTOS PARA PURIFICAÇÃO E FILTRAGEM DE ÁGUA', '0000-00-00 00:00:00', '0000-00-00 00:00:00'),
(33, 2, 47, 'CANOS, TUBOS, MANGUEIRAS E ACESSÓRIOS', '0000-00-00 00:00:00', '0000-00-00 00:00:00'),
(34, 2, 48, 'VÁLVULAS', '0000-00-00 00:00:00', '0000-00-00 00:00:00'),
(35, 2, 49, 'EQUIPAMENTOS PARA UTILIZAÇÃO EM RECURSOS HIDRICOS (2, RESERVATÓRIOS)', '0000-00-00 00:00:00', '0000-00-00 00:00:00'),
(36, 2, 51, 'FERRAMENTAS MANUAIS', '0000-00-00 00:00:00', '0000-00-00 00:00:00'),
(37, 2, 53, 'FERRAGENS E ABRASIVOS', '0000-00-00 00:00:00', '0000-00-00 00:00:00'),
(38, 2, 54, 'ESTRUTURAS E ANDAIMES PRÉ-FABRICADOS', '0000-00-00 00:00:00', '0000-00-00 00:00:00'),
(39, 2, 55, 'TÁBUAS, COMPENSADOS DE MADEIRA, ESQUADRIAS E PORTAS DE MADEIRA, FERRO E ALUMÍNIO', '0000-00-00 00:00:00', '0000-00-00 00:00:00'),
(40, 2, 56, 'MATERIAIS PARA CONSTRUÇÃO', '0000-00-00 00:00:00', '0000-00-00 00:00:00'),
(41, 2, 58, 'EQUIPAMENTOS DE COMUNICAÇÃO, DETECÇÃO E RADIAÇÃO', '0000-00-00 00:00:00', '0000-00-00 00:00:00'),
(42, 2, 59, 'COMPONENTES DE EQUIPAMENTOS ELÉTRICOS E ELETRÔNICOS', '0000-00-00 00:00:00', '0000-00-00 00:00:00'),
(43, 2, 60, 'MATERIAIS,COMPONENTES,CONJUNTOS E ACESSÓRIOS DE FIBRA ÓTICA', '0000-00-00 00:00:00', '0000-00-00 00:00:00'),
(44, 2, 61, 'CONDUTORES ELETRICOS E EQUIPAMENTOS DE FORCA E DISTRIBUIÇÃO', '0000-00-00 00:00:00', '0000-00-00 00:00:00'),
(45, 2, 62, 'LAMPADAS PARA ILUMINAÇÃO DE AMBIENTE E APARELHOS DE ILUMINAÇÃO', '0000-00-00 00:00:00', '0000-00-00 00:00:00'),
(46, 2, 63, 'SISTEMAS DE ALARME, SINALIZAÇÃO E DETECÇÃO PARA SEGURANCA', '0000-00-00 00:00:00', '0000-00-00 00:00:00'),
(47, 2, 64, 'EQUIPAMENTOS E ARTIGOS DE USO VETERINÁRIO', '0000-00-00 00:00:00', '0000-00-00 00:00:00'),
(48, 2, 65, 'EQUIPAMENTOS E ARTIGOS DE USO MEDICO, ODONTOLÓGICO , HOSPITALAR E LABORATORIAL', '0000-00-00 00:00:00', '0000-00-00 00:00:00'),
(49, 2, 66, 'INSTRUMENTOS E EQUIPAMENTOS DE CONTROLE E MEDIÇÃO E GASES COMPRIMIDOS E LIQUEFEITOS', '0000-00-00 00:00:00', '0000-00-00 00:00:00'),
(50, 2, 67, 'EQUIPAMENTOS FOTOGRAFICOS, FILMOGRAFICOS E FONOGRAFICOS', '0000-00-00 00:00:00', '0000-00-00 00:00:00'),
(51, 2, 68, 'SUBSTANCIAS E PRODUTOS QUIMICOS', '0000-00-00 00:00:00', '0000-00-00 00:00:00'),
(52, 2, 69, 'APARELHOS E ACESSÓRIOS OPERACIONAIS E DE TREINAMENTO,PRODUTOS E MATERIAIS ESPECIFICOS DE IMPRESSÃO DIGITAL', '0000-00-00 00:00:00', '0000-00-00 00:00:00'),
(53, 2, 71, 'MOBILIÁRIOS EM GERAL', '0000-00-00 00:00:00', '0000-00-00 00:00:00'),
(54, 2, 72, 'ARTIGOS, UTENSILIOS E UTILIDADES DE USO DOMESTICO E PESSOAL', '0000-00-00 00:00:00', '0000-00-00 00:00:00'),
(55, 2, 73, 'EQUIPAMENTOS PARA REFEITÓRIO, COPA E COZINHA', '0000-00-00 00:00:00', '0000-00-00 00:00:00'),
(56, 2, 74, 'MÁQUINAS E EQUIPAMENTOS PARA ESCRITÓRIOS', '0000-00-00 00:00:00', '0000-00-00 00:00:00'),
(57, 2, 75, 'ARTIGOS E UTENSÍLIOS DE ESCRITÓRIOS', '0000-00-00 00:00:00', '0000-00-00 00:00:00'),
(58, 2, 76, 'LIVROS, MAPAS E OUTRAS PUBLICACÕES', '0000-00-00 00:00:00', '0000-00-00 00:00:00'),
(59, 2, 77, 'INSTRUMENTOS MUSICAIS, OBRAS DE ARTE E ARTESANATOS', '0000-00-00 00:00:00', '0000-00-00 00:00:00'),
(60, 2, 78, 'EQUIPAMENTOS E MATERIAIS PARA EXPERIENCIA EM LABORATÓRIO ESCOLAR, RECREAÇÃO E DESPORTO', '0000-00-00 00:00:00', '0000-00-00 00:00:00'),
(61, 2, 79, 'EQUIPAMENTOS E MATERIAIS PARA LIMPEZA, DEDETIZAÇÃO E ESTERI-LIZAÇÃO DE USO DOMESTICO', '0000-00-00 00:00:00', '0000-00-00 00:00:00'),
(62, 2, 80, 'PINCEIS, TINTAS, VEDANTES E ADESIVOS', '0000-00-00 00:00:00', '0000-00-00 00:00:00'),
(63, 2, 81, 'RECIPIENTES E MATERIAIS PARA ACONDICIONAMENTO E EMBALAGEM', '0000-00-00 00:00:00', '0000-00-00 00:00:00'),
(64, 2, 82, 'EQUIPAMENTOS DE USO PEDAGOGICO', '0000-00-00 00:00:00', '0000-00-00 00:00:00'),
(65, 2, 83, 'TECIDOS, COUROS, PELES, AVIAMENTOS, BARRACAS E BANDEIRAS', '0000-00-00 00:00:00', '0000-00-00 00:00:00'),
(66, 2, 84, 'VESTUÁRIOS, EQUIPAMENTOS INDIVIDUAIS E INSIGNIAS', '0000-00-00 00:00:00', '0000-00-00 00:00:00'),
(67, 2, 85, 'ARTIGOS DE HIGIENE', '0000-00-00 00:00:00', '0000-00-00 00:00:00'),
(68, 2, 86, 'INFORMATICA', '0000-00-00 00:00:00', '0000-00-00 00:00:00'),
(69, 2, 87, 'SUPRIMENTOS AGRÍCOLAS', '0000-00-00 00:00:00', '0000-00-00 00:00:00'),
(70, 2, 88, 'ANIMAIS VIVOS', '0000-00-00 00:00:00', '0000-00-00 00:00:00'),
(71, 2, 89, 'GENEROS ALIMENTÍCIOS', '0000-00-00 00:00:00', '0000-00-00 00:00:00'),
(72, 2, 90, 'MATERAIS DE USO FUNERÁRIO', '0000-00-00 00:00:00', '0000-00-00 00:00:00'),
(73, 2, 91, 'COMBUSTÍVEIS, ÓLEOS, LUBRIFICANTES E CÊRAS', '0000-00-00 00:00:00', '0000-00-00 00:00:00'),
(74, 2, 92, 'ARTIGOS DE TABACARIA', '0000-00-00 00:00:00', '0000-00-00 00:00:00'),
(75, 2, 93, 'MATERIAIS MANUFATURADOS NÃO METÁLICOS', '0000-00-00 00:00:00', '0000-00-00 00:00:00'),
(76, 2, 94, 'MATERIAS-PRIMAS NÃO METÁLICAS', '0000-00-00 00:00:00', '0000-00-00 00:00:00'),
(77, 2, 95, 'BARRAS,CHAPAS E PERFILADOS METÁLICOS', '0000-00-00 00:00:00', '0000-00-00 00:00:00'),
(78, 2, 96, 'MINERIOS, MINERAIS E SEUS PRODUTOS PRIMÁRIOS', '0000-00-00 00:00:00', '0000-00-00 00:00:00'),
(79, 2, 97, 'PLACAS E ACESSÓRIOS DE IDENTIFICAÇÃO E SINALIZAÇÃO', '0000-00-00 00:00:00', '0000-00-00 00:00:00');

-- --------------------------------------------------------

--
-- Estrutura da tabela `measure_types`
--

CREATE TABLE IF NOT EXISTS `measure_types` (
  `id` int(11) NOT NULL AUTO_INCREMENT,
  `name` varchar(255) NOT NULL,
  `description` varchar(255) NOT NULL,
  `created` datetime NOT NULL,
  `modified` datetime NOT NULL,
  PRIMARY KEY (`id`)
) ENGINE=InnoDB  DEFAULT CHARSET=utf8 AUTO_INCREMENT=46 ;

--
-- Extraindo dados da tabela `measure_types`
--

INSERT INTO `measure_types` (`id`, `name`, `description`, `created`, `modified`) VALUES
(1, 'und', 'Unidade', '0000-00-00 00:00:00', '0000-00-00 00:00:00'),
(2, 'pct', 'Pacote', '0000-00-00 00:00:00', '0000-00-00 00:00:00'),
(3, 'l', 'Litro', '0000-00-00 00:00:00', '0000-00-00 00:00:00'),
(4, 'kg', 'Quilograma', '0000-00-00 00:00:00', '0000-00-00 00:00:00'),
(5, 'ml', 'Mililitros', '0000-00-00 00:00:00', '0000-00-00 00:00:00'),
(6, 'g', 'Gramas', '0000-00-00 00:00:00', '0000-00-00 00:00:00'),
(7, 'rolo', 'Rolo', '0000-00-00 00:00:00', '0000-00-00 00:00:00'),
(8, 'bomb', 'Bombona', '0000-00-00 00:00:00', '0000-00-00 00:00:00'),
(9, 'cx', 'Caixa', '0000-00-00 00:00:00', '0000-00-00 00:00:00'),
(10, 'fls', 'Folhas', '0000-00-00 00:00:00', '0000-00-00 00:00:00'),
(11, 'lata', 'Lata', '0000-00-00 00:00:00', '0000-00-00 00:00:00'),
(12, 'peça', 'Unidade da Peça', '0000-00-00 00:00:00', '0000-00-00 00:00:00'),
(13, 'resma', 'Coletivo de folhas', '0000-00-00 00:00:00', '0000-00-00 00:00:00'),
(14, 'grosa', '', '0000-00-00 00:00:00', '0000-00-00 00:00:00'),
(15, 'livro', '', '0000-00-00 00:00:00', '0000-00-00 00:00:00'),
(16, 'frs', 'Frasco', '0000-00-00 00:00:00', '0000-00-00 00:00:00'),
(17, 'mil', 'Milheiro', '0000-00-00 00:00:00', '0000-00-00 00:00:00'),
(18, 'par', 'Dupla ou par', '0000-00-00 00:00:00', '0000-00-00 00:00:00'),
(19, 'fardo', '', '0000-00-00 00:00:00', '0000-00-00 00:00:00'),
(20, 'molho', '', '0000-00-00 00:00:00', '0000-00-00 00:00:00'),
(21, 'pés', '', '0000-00-00 00:00:00', '0000-00-00 00:00:00'),
(22, 'estojo', '', '0000-00-00 00:00:00', '0000-00-00 00:00:00'),
(23, 'comp', 'Comprimido', '0000-00-00 00:00:00', '0000-00-00 00:00:00'),
(24, 'caps', '', '0000-00-00 00:00:00', '0000-00-00 00:00:00'),
(25, 'amp', 'Ampôla', '0000-00-00 00:00:00', '0000-00-00 00:00:00'),
(26, 'm2', 'Metros quadrados (espaço)', '0000-00-00 00:00:00', '0000-00-00 00:00:00'),
(27, 'm3', 'Metros cúbicos (espaço)', '0000-00-00 00:00:00', '0000-00-00 00:00:00'),
(28, 'kwh', 'Kilowatts (potência)', '0000-00-00 00:00:00', '0000-00-00 00:00:00'),
(29, 'bisn', 'Bisnaga', '0000-00-00 00:00:00', '0000-00-00 00:00:00'),
(30, 'kit', 'Conjunto de Kit', '0000-00-00 00:00:00', '0000-00-00 00:00:00'),
(31, 'env', 'Envelope', '0000-00-00 00:00:00', '0000-00-00 00:00:00'),
(32, 'gal', 'Galão', '0000-00-00 00:00:00', '0000-00-00 00:00:00'),
(33, 'm', 'Metro', '0000-00-00 00:00:00', '0000-00-00 00:00:00'),
(34, 'cm', 'Centímetros', '0000-00-00 00:00:00', '0000-00-00 00:00:00'),
(35, 'saco', 'Sacola', '0000-00-00 00:00:00', '0000-00-00 00:00:00'),
(36, 'conj', 'Kit ou conjunto', '0000-00-00 00:00:00', '0000-00-00 00:00:00'),
(37, 'uniform', 'Padrão de unidade', '0000-00-00 00:00:00', '0000-00-00 00:00:00'),
(38, 'bolsa', 'Padrão de Saco de transporte', '0000-00-00 00:00:00', '0000-00-00 00:00:00'),
(39, 'botijao', 'Botija ou botijão para volumes gasosos e líquidos', '0000-00-00 00:00:00', '0000-00-00 00:00:00'),
(40, 'cento', '100 do mesmo', '0000-00-00 00:00:00', '0000-00-00 00:00:00'),
(41, 'dragea', 'Dispersão em drageas', '0000-00-00 00:00:00', '0000-00-00 00:00:00'),
(42, 'maço', 'Maço', '0000-00-00 00:00:00', '0000-00-00 00:00:00'),
(43, 'pote', 'Pote', '0000-00-00 00:00:00', '0000-00-00 00:00:00'),
(44, 'spray', 'Spray de dispersão', '0000-00-00 00:00:00', '0000-00-00 00:00:00'),
(45, 'tubo', 'Tubagem', '0000-00-00 00:00:00', '0000-00-00 00:00:00');

-- --------------------------------------------------------

--
-- Estrutura da tabela `pngc_codes`
--

CREATE TABLE IF NOT EXISTS `pngc_codes` (
  `id` int(11) NOT NULL AUTO_INCREMENT,
  `keycode` varchar(255) NOT NULL,
  `expense_group_id` int(11) NOT NULL,
  `functional_unit_id` int(11) NOT NULL,
  `input_category_id` int(11) NOT NULL,
  `input_subcategory_id` int(11) NOT NULL,
  `measure_type_id` int(11) NOT NULL,
  `created` datetime NOT NULL,
  `modified` datetime NOT NULL,
  PRIMARY KEY (`id`),
  KEY `expense_group_id` (`expense_group_id`),
  KEY `functional_unit_id` (`functional_unit_id`),
  KEY `input_category_id` (`input_category_id`),
  KEY `input_subcategory_id` (`input_subcategory_id`),
  KEY `measure_type_id` (`measure_type_id`)
) ENGINE=InnoDB  DEFAULT CHARSET=utf8 AUTO_INCREMENT=2 ;

--
-- Extraindo dados da tabela `pngc_codes`
--

INSERT INTO `pngc_codes` (`id`, `keycode`, `expense_group_id`, `functional_unit_id`, `input_category_id`, `input_subcategory_id`, `measure_type_id`, `created`, `modified`) VALUES
(1, '5.1', 5, 7, 14, 0, 1, '2012-05-30 10:46:15', '2012-05-30 10:46:15');

-- --------------------------------------------------------

--
-- Estrutura da tabela `users`
--

CREATE TABLE IF NOT EXISTS `users` (
  `id` int(11) NOT NULL AUTO_INCREMENT,
  `username` varchar(255) NOT NULL,
  `password` char(40) NOT NULL,
  `group_id` int(11) NOT NULL,
  `created` datetime DEFAULT NULL,
  `modified` datetime DEFAULT NULL,
  PRIMARY KEY (`id`),
  UNIQUE KEY `username` (`username`)
) ENGINE=InnoDB  DEFAULT CHARSET=utf8 AUTO_INCREMENT=5 ;

--
-- Extraindo dados da tabela `users`
--

INSERT INTO `users` (`id`, `username`, `password`, `group_id`, `created`, `modified`) VALUES
(1, 'admin', '7f2fcdf96993378540abe3740e0fc0d166af1a7c', 1, '2012-05-29 21:56:18', '2012-05-29 21:56:18'),
(2, 'manager', 'dedab364bcc0985d4097f9cbed3e541795d78982', 2, '2012-05-29 21:56:28', '2012-05-29 21:56:28'),
(3, 'user', 'e666b404ecbf6b3e8b94ae984125eee888d0dc39', 3, '2012-05-29 21:56:36', '2012-05-29 22:43:48');

